IMO,SHIPNAME,TIMESTAMP_UTC,MOVE_TYPE,PORT_ID,PORT_NAME,LOAD_STATUS
9060778,AASLI,2025-05-19T15:34:00,0,742,BARROW-IN-FURNESS,Partially Laden
9060778,AASLI,2025-05-18T17:14:00,1,20556,GLENSANDA,Partially Laden
9060778,AASLI,2025-05-18T12:19:00,0,20556,GLENSANDA,In Ballast
9060778,AASLI,2025-05-17T02:52:00,1,23173,PORT TALBOT ANCH,In Ballast
9060778,AASLI,2025-05-16T21:38:00,0,23173,PORT TALBOT ANCH,In Ballast
9060778,AASLI,2025-05-16T20:12:00,1,1710,PORT TALBOT,In Ballast
9060778,AASLI,2025-05-15T19:31:00,0,1710,PORT TALBOT,Fully Laden
9060778,AASLI,2025-05-13T09:56:00,1,179,IJMUIDEN,In Ballast
9060778,AASLI,2025-05-13T09:10:00,0,179,IJMUIDEN,Fully Laden
9060778,AASLI,2025-05-13T08:38:00,1,1766,AMSTERDAM,Fully Laden
9060778,AASLI,2025-05-12T18:18:00,0,1766,AMSTERDAM,In Ballast
9060778,AASLI,2025-05-12T17:58:00,1,21991,VELSEN,In Ballast
9060778,AASLI,2025-05-11T20:11:00,0,21991,VELSEN,Fully Laden
9060778,AASLI,2025-05-11T19:59:00,1,179,IJMUIDEN,Fully Laden
9060778,AASLI,2025-05-11T19:01:00,0,179,IJMUIDEN,Fully Laden
9060778,AASLI,2025-05-08T17:05:00,1,410,BELFAST,Fully Laden
9060778,AASLI,2025-05-07T17:34:00,0,410,BELFAST,In Ballast
9060778,AASLI,2025-05-07T06:29:00,1,742,BARROW-IN-FURNESS,In Ballast
9060778,AASLI,2025-05-06T05:57:00,0,742,BARROW-IN-FURNESS,Partially Laden
9060778,AASLI,2025-05-03T14:41:00,1,20556,GLENSANDA,Partially Laden
9060778,AASLI,2025-05-03T10:10:00,0,20556,GLENSANDA,In Ballast
9060778,AASLI,2025-05-01T19:42:00,1,1710,PORT TALBOT,In Ballast
9060778,AASLI,2025-04-30T19:43:00,0,1710,PORT TALBOT,Fully Laden
9060778,AASLI,2025-04-28T12:14:00,1,179,IJMUIDEN,Fully Laden
9060778,AASLI,2025-04-28T11:12:00,0,179,IJMUIDEN,Fully Laden
9060778,AASLI,2025-04-28T10:23:00,1,1766,AMSTERDAM,Fully Laden
9060778,AASLI,2025-04-25T15:08:00,0,1766,AMSTERDAM,In Ballast
9060778,AASLI,2025-04-25T14:35:00,1,179,IJMUIDEN,In Ballast
9060778,AASLI,2025-04-25T13:35:00,0,179,IJMUIDEN,In Ballast
9060778,AASLI,2025-04-24T21:19:00,1,177,EEMSHAVEN,In Ballast
9060778,AASLI,2025-04-24T05:03:00,0,177,EEMSHAVEN,Fully Laden
9060778,AASLI,2025-04-23T00:24:00,1,17488,REKEFJORD,Fully Laden
9060778,AASLI,2025-04-22T12:12:00,0,17488,REKEFJORD,In Ballast
9060778,AASLI,2025-04-21T09:17:00,1,177,EEMSHAVEN,In Ballast
9060778,AASLI,2025-04-20T20:20:00,0,177,EEMSHAVEN,Fully Laden
9060778,AASLI,2025-04-19T12:52:00,1,17488,REKEFJORD,Fully Laden
9060778,AASLI,2025-04-18T09:10:00,0,17488,REKEFJORD,In Ballast
9060778,AASLI,2025-04-16T18:21:00,1,170,COPENHAGEN,In Ballast
9060778,AASLI,2025-04-15T15:36:00,0,170,COPENHAGEN,Fully Laden
9060778,AASLI,2025-04-14T13:44:00,1,24488,HAUSVIK,Fully Laden
9060778,AASLI,2025-04-13T15:19:00,0,24488,HAUSVIK,In Ballast
9060778,AASLI,2025-04-06T17:05:00,1,21651,WATERFORD,Fully Laden
9060778,AASLI,2025-04-05T06:03:00,0,21651,WATERFORD,In Ballast
9060778,AASLI,2025-04-04T12:08:00,1,130,CARDIFF,In Ballast
9060778,AASLI,2025-04-03T20:48:00,0,130,CARDIFF,Fully Laden
9060778,AASLI,2025-04-02T15:26:00,1,410,BELFAST,Fully Laden
9060778,AASLI,2025-04-02T05:44:00,0,410,BELFAST,In Ballast
9060778,AASLI,2025-04-01T07:13:00,1,430,SWANSEA,In Ballast
9060778,AASLI,2025-03-27T16:31:00,0,430,SWANSEA,Fully Laden
9060778,AASLI,2025-03-27T15:56:00,1,23173,PORT TALBOT ANCH,Fully Laden
9060778,AASLI,2025-03-27T03:33:00,0,23173,PORT TALBOT ANCH,Fully Laden
9060778,AASLI,2025-03-24T23:12:00,1,179,IJMUIDEN,Fully Laden
9060778,AASLI,2025-03-24T22:10:00,0,179,IJMUIDEN,Fully Laden
9060778,AASLI,2025-03-24T21:38:00,1,1766,AMSTERDAM,Fully Laden
9060778,AASLI,2025-03-23T07:09:00,0,1766,AMSTERDAM,In Ballast
9060778,AASLI,2025-03-23T06:37:00,1,179,IJMUIDEN,In Ballast
9060778,AASLI,2025-03-23T05:39:00,0,179,IJMUIDEN,In Ballast
9060778,AASLI,2025-03-22T15:26:00,1,195,IPSWICH,In Ballast
9060778,AASLI,2025-03-22T02:12:00,0,195,IPSWICH,Fully Laden
9060778,AASLI,2025-03-22T00:45:00,1,22699,HARWICH ANCH,Fully Laden
9060778,AASLI,2025-03-21T21:44:00,0,22699,HARWICH ANCH,Fully Laden
9060778,AASLI,2025-03-21T08:04:00,1,21773,HOEK VAN HOLLAND,Fully Laden
9060778,AASLI,2025-03-21T07:55:00,0,21773,HOEK VAN HOLLAND,Fully Laden
9060778,AASLI,2025-03-21T05:28:00,1,1826,DORDRECHT,Fully Laden
9060778,AASLI,2025-03-20T10:14:00,0,1826,DORDRECHT,In Ballast
9060778,AASLI,2025-03-20T08:55:00,1,2033,ROTTERDAM BOTLEK,In Ballast
9060778,AASLI,2025-03-20T08:45:00,0,2033,ROTTERDAM BOTLEK,In Ballast
9060778,AASLI,2025-03-20T06:52:00,1,22307,ROTTERDAM ANCH,In Ballast
9060778,AASLI,2025-03-19T22:38:00,0,22307,ROTTERDAM ANCH,In Ballast
9060778,AASLI,2025-03-19T17:31:00,1,179,IJMUIDEN,In Ballast
9060778,AASLI,2025-03-19T16:29:00,0,179,IJMUIDEN,In Ballast
9060778,AASLI,2025-03-19T16:23:00,1,21991,VELSEN,In Ballast
9060778,AASLI,2025-03-19T01:23:00,0,21991,VELSEN,Fully Laden
9060778,AASLI,2025-03-19T01:15:00,1,179,IJMUIDEN,Fully Laden
9060778,AASLI,2025-03-19T00:23:00,0,179,IJMUIDEN,Fully Laden
9060778,AASLI,2025-03-15T20:12:00,1,410,BELFAST,Fully Laden
9060778,AASLI,2025-03-15T07:51:00,0,410,BELFAST,In Ballast
9060778,AASLI,2025-03-14T04:15:00,1,430,SWANSEA,In Ballast
9060778,AASLI,2025-03-13T05:45:00,0,430,SWANSEA,Fully Laden
9060778,AASLI,2025-03-13T05:12:00,1,23173,PORT TALBOT ANCH,Fully Laden
9060778,AASLI,2025-03-12T15:10:00,0,23173,PORT TALBOT ANCH,Fully Laden
9060778,AASLI,2025-03-10T11:04:00,1,179,IJMUIDEN,Fully Laden
9060778,AASLI,2025-03-10T10:10:00,0,179,IJMUIDEN,Fully Laden
9060778,AASLI,2025-03-10T09:37:00,1,1766,AMSTERDAM,Fully Laden
9060778,AASLI,2025-03-09T13:08:00,0,1766,AMSTERDAM,In Ballast
9060778,AASLI,2025-03-09T12:37:00,1,179,IJMUIDEN,In Ballast
9060778,AASLI,2025-03-09T11:38:00,0,179,IJMUIDEN,In Ballast
9060778,AASLI,2025-03-08T10:29:00,1,389,WILHELMSHAVEN,In Ballast
9060778,AASLI,2025-03-07T16:41:00,0,389,WILHELMSHAVEN,Fully Laden
9060778,AASLI,2025-03-06T11:40:00,1,17488,REKEFJORD,Fully Laden
9060778,AASLI,2025-03-05T23:48:00,0,17488,REKEFJORD,In Ballast
9060778,AASLI,2025-03-04T13:17:00,1,25400,SOUTHWOLD ANCH,In Ballast
9060778,AASLI,2025-03-04T10:52:00,0,25400,SOUTHWOLD ANCH,In Ballast
9060778,AASLI,2025-03-04T08:00:00,1,199,FELIXSTOWE,In Ballast
9060778,AASLI,2025-03-04T07:46:00,0,199,FELIXSTOWE,In Ballast
9060778,AASLI,2025-03-04T07:00:00,1,195,IPSWICH,In Ballast
9060778,AASLI,2025-03-03T13:21:00,0,195,IPSWICH,Fully Laden
9060778,AASLI,2025-02-28T21:44:00,1,250,WARRENPOINT,Fully Laden
9060778,AASLI,2025-02-28T07:24:00,0,250,WARRENPOINT,In Ballast
9060778,AASLI,2025-02-27T12:08:00,1,4388,RUSHBROOKE,In Ballast
9060778,AASLI,2025-02-26T00:14:00,0,4388,RUSHBROOKE,Fully Laden
9060778,AASLI,2025-02-24T17:01:00,1,21592,KILROOT,Fully Laden
9060778,AASLI,2025-02-24T06:11:00,0,21592,KILROOT,In Ballast
9060778,AASLI,2025-02-24T05:52:00,1,22343,BELFAST ANCH,In Ballast
9060778,AASLI,2025-02-23T18:24:00,0,22343,BELFAST ANCH,In Ballast
9060778,AASLI,2025-02-22T14:34:00,1,130,CARDIFF,In Ballast
9060778,AASLI,2025-02-22T00:31:00,0,130,CARDIFF,Fully Laden
9060778,AASLI,2025-02-19T22:24:00,1,410,BELFAST,Fully Laden
9060778,AASLI,2025-02-19T07:56:00,0,410,BELFAST,In Ballast
9060778,AASLI,2025-02-18T09:00:00,1,430,SWANSEA,In Ballast
9060778,AASLI,2025-02-17T08:40:00,0,430,SWANSEA,Fully Laden
9060778,AASLI,2025-02-14T22:22:00,1,179,IJMUIDEN,Fully Laden
9060778,AASLI,2025-02-14T21:30:00,0,179,IJMUIDEN,Fully Laden
9060778,AASLI,2025-02-14T20:57:00,1,1766,AMSTERDAM,Fully Laden
9060778,AASLI,2025-02-14T02:16:00,0,1766,AMSTERDAM,In Ballast
9060778,AASLI,2025-02-14T01:48:00,1,179,IJMUIDEN,In Ballast
9060778,AASLI,2025-02-09T23:32:00,0,179,IJMUIDEN,In Ballast
9060778,AASLI,2025-02-09T23:04:00,1,22284,AMSTERDAM ANCH,In Ballast
9060778,AASLI,2025-02-09T06:23:00,0,22284,AMSTERDAM ANCH,In Ballast
9060778,AASLI,2025-02-08T08:01:00,1,389,WILHELMSHAVEN,In Ballast
9060778,AASLI,2025-02-06T00:06:00,0,389,WILHELMSHAVEN,Fully Laden
9060778,AASLI,2025-02-04T14:42:00,1,24488,HAUSVIK,Fully Laden
9060778,AASLI,2025-02-03T16:20:00,0,24488,HAUSVIK,In Ballast
9060778,AASLI,2025-02-01T18:26:00,1,177,EEMSHAVEN,In Ballast
9060778,AASLI,2025-02-01T06:01:00,0,177,EEMSHAVEN,Fully Laden
9060778,AASLI,2025-01-30T21:25:00,1,17488,REKEFJORD,Fully Laden
9060778,AASLI,2025-01-30T10:45:00,0,17488,REKEFJORD,In Ballast
9060778,AASLI,2025-01-27T12:50:00,1,338,KARLSKRONA,Fully Laden
9060778,AASLI,2025-01-27T02:48:00,0,338,KARLSKRONA,In Ballast
9060778,AASLI,2025-01-26T09:15:00,1,170,COPENHAGEN,In Ballast
9060778,AASLI,2025-01-25T06:42:00,0,170,COPENHAGEN,Partially Laden
9060778,AASLI,2025-01-24T21:48:00,1,374,GRENAA,Partially Laden
9060778,AASLI,2025-01-23T10:56:00,0,374,GRENAA,In Ballast
9060778,AASLI,2025-01-20T21:26:00,1,21668,EYDEHAVN,Fully Laden
9060778,AASLI,2025-01-19T19:42:00,0,21668,EYDEHAVN,In Ballast
9060778,AASLI,2025-01-17T10:44:00,1,372,HORSENS,In Ballast
9060778,AASLI,2025-01-16T10:47:00,0,372,HORSENS,In Ballast
9060778,AASLI,2025-01-15T20:50:00,1,170,COPENHAGEN,In Ballast
9060778,AASLI,2025-01-15T04:03:00,0,170,COPENHAGEN,Fully Laden
9060778,AASLI,2025-01-13T15:54:00,1,24488,HAUSVIK,Fully Laden
9060778,AASLI,2025-01-13T05:51:00,0,24488,HAUSVIK,In Ballast
9060778,AASLI,2025-01-11T15:07:00,1,146,HULL,In Ballast
9060778,AASLI,2025-01-10T14:10:00,0,146,HULL,Fully Laden
9060778,AASLI,2025-01-10T13:31:00,1,147,IMMINGHAM,Fully Laden
9060778,AASLI,2025-01-10T13:13:00,0,147,IMMINGHAM,Fully Laden
9060778,AASLI,2025-01-08T11:54:00,1,17488,REKEFJORD,Fully Laden
9060778,AASLI,2025-01-07T17:07:00,0,17488,REKEFJORD,In Ballast
9060778,AASLI,2025-01-05T20:59:00,1,146,HULL,In Ballast
9060778,AASLI,2025-01-04T19:41:00,0,146,HULL,Fully Laden
9060778,AASLI,2025-01-04T19:03:00,1,147,IMMINGHAM,Fully Laden
9060778,AASLI,2025-01-04T18:48:00,0,147,IMMINGHAM,Fully Laden
9060778,AASLI,2025-01-04T17:34:00,1,22363,IMMINGHAM ANCH,Fully Laden
9060778,AASLI,2025-01-04T08:55:00,0,22363,IMMINGHAM ANCH,Fully Laden
9060778,AASLI,2025-01-02T14:02:00,1,17488,REKEFJORD,Fully Laden
9060778,AASLI,2024-12-31T16:12:00,0,17488,REKEFJORD,In Ballast
9060778,AASLI,2024-12-30T04:25:00,1,146,HULL,In Ballast
9060778,AASLI,2024-12-28T15:31:00,0,146,HULL,Fully Laden
9060778,AASLI,2024-12-28T14:57:00,1,147,IMMINGHAM,Fully Laden
9060778,AASLI,2024-12-28T14:41:00,0,147,IMMINGHAM,Fully Laden
9060778,AASLI,2024-12-28T13:27:00,1,22363,IMMINGHAM ANCH,Fully Laden
9060778,AASLI,2024-12-28T08:00:00,0,22363,IMMINGHAM ANCH,Fully Laden
9060778,AASLI,2024-12-26T13:41:00,1,17488,REKEFJORD,Fully Laden
9060778,AASLI,2024-12-25T08:12:00,0,17488,REKEFJORD,In Ballast
9060778,AASLI,2024-12-24T08:58:00,1,20654,SKAGEN ANCH,In Ballast
9060778,AASLI,2024-12-24T05:50:00,0,20654,SKAGEN ANCH,In Ballast
9060778,AASLI,2024-12-23T07:57:00,1,365,NAKSKOV,In Ballast
9060778,AASLI,2024-12-22T08:43:00,0,365,NAKSKOV,Fully Laden
9060778,AASLI,2024-12-22T08:37:00,1,9365,HESTEHOVED,Fully Laden
9060778,AASLI,2024-12-22T08:28:00,0,9365,HESTEHOVED,Fully Laden
9060778,AASLI,2024-12-16T12:48:00,1,338,KARLSKRONA,Fully Laden
9060778,AASLI,2024-12-16T00:24:00,0,338,KARLSKRONA,In Ballast
9060778,AASLI,2024-12-13T19:27:00,1,338,KARLSKRONA,Fully Laden
9060778,AASLI,2024-12-13T09:05:00,0,338,KARLSKRONA,In Ballast
9060778,AASLI,2024-12-12T18:49:00,1,170,COPENHAGEN,In Ballast
9060778,AASLI,2024-12-11T18:04:00,0,170,COPENHAGEN,Fully Laden
9060778,AASLI,2024-12-10T16:14:00,1,24488,HAUSVIK,Fully Laden
9060778,AASLI,2024-12-10T06:30:00,0,24488,HAUSVIK,In Ballast
9060778,AASLI,2024-12-08T11:38:00,1,177,EEMSHAVEN,In Ballast
9060778,AASLI,2024-12-07T20:06:00,0,177,EEMSHAVEN,Fully Laden
9060778,AASLI,2024-12-06T07:26:00,1,17488,REKEFJORD,Fully Laden
9060778,AASLI,2024-12-05T08:35:00,0,17488,REKEFJORD,In Ballast
9060778,AASLI,2024-12-04T00:12:00,1,179,IJMUIDEN,In Ballast
9060778,AASLI,2024-12-03T23:24:00,0,179,IJMUIDEN,In Ballast
9060778,AASLI,2024-12-03T23:15:00,1,21991,VELSEN,In Ballast
9060778,AASLI,2024-12-03T09:15:00,0,21991,VELSEN,Fully Laden
9060778,AASLI,2024-12-03T09:05:00,1,179,IJMUIDEN,Fully Laden
9060778,AASLI,2024-12-03T08:10:00,0,179,IJMUIDEN,Fully Laden
9060778,AASLI,2024-11-30T00:23:00,1,410,BELFAST,Fully Laden
9060778,AASLI,2024-11-28T19:26:00,0,410,BELFAST,In Ballast
9060778,AASLI,2024-11-27T10:29:00,1,22759,AVONMOUTH ANCH,In Ballast
9060778,AASLI,2024-11-26T19:55:00,0,22759,AVONMOUTH ANCH,In Ballast
9060778,AASLI,2024-11-26T11:15:00,1,22759,AVONMOUTH ANCH,Fully Laden
9060778,AASLI,2024-11-26T07:28:00,0,22759,AVONMOUTH ANCH,Fully Laden
9060778,AASLI,2024-11-26T04:08:00,1,129,AVONMOUTH,Fully Laden
9060778,AASLI,2024-11-22T23:56:00,0,129,AVONMOUTH,In Ballast
9060778,AASLI,2024-11-22T16:11:00,1,22759,AVONMOUTH ANCH,In Ballast
9101546,AASNES,2025-05-19T18:01:00,0,170,COPENHAGEN,Fully Laden
9101546,AASNES,2025-05-18T19:57:00,1,498,LARVIK,Fully Laden
9101546,AASNES,2025-05-15T14:36:00,0,498,LARVIK,Fully Laden
9101546,AASNES,2025-05-14T15:16:00,1,170,COPENHAGEN,Fully Laden
9101546,AASNES,2025-05-13T14:37:00,0,170,COPENHAGEN,Fully Laden
9101546,AASNES,2025-05-13T14:04:00,1,170,COPENHAGEN,Fully Laden
9101546,AASNES,2025-05-12T18:24:00,0,170,COPENHAGEN,Fully Laden
9101546,AASNES,2025-05-10T16:27:00,1,20654,SKAGEN ANCH,In Ballast
9101546,AASNES,2025-05-10T10:39:00,0,20654,SKAGEN ANCH,In Ballast
9101546,AASNES,2025-05-08T22:55:00,1,234,GDANSK,In Ballast
9101546,AASNES,2025-05-07T14:55:00,0,234,GDANSK,Fully Laden
9101546,AASNES,2025-05-05T15:17:00,1,21668,EYDEHAVN,Fully Laden
9101546,AASNES,2025-05-04T15:24:00,0,21668,EYDEHAVN,In Ballast
9101546,AASNES,2025-05-04T15:23:00,1,754,ARENDAL,In Ballast
9101546,AASNES,2025-05-04T14:44:00,0,754,ARENDAL,In Ballast
9101546,AASNES,2025-05-03T16:14:00,1,547,VEJLE,In Ballast
9101546,AASNES,2025-05-03T04:10:00,0,547,VEJLE,Partially Laden
9101546,AASNES,2025-05-01T23:26:00,1,338,KARLSKRONA,Partially Laden
9101546,AASNES,2025-04-27T16:43:00,0,338,KARLSKRONA,In Ballast
9101546,AASNES,2025-04-25T12:23:00,1,338,KARLSKRONA,Fully Laden
9101546,AASNES,2025-04-24T21:46:00,0,338,KARLSKRONA,In Ballast
9101546,AASNES,2025-04-22T15:23:00,1,338,KARLSKRONA,Fully Laden
9101546,AASNES,2025-04-22T03:08:00,0,338,KARLSKRONA,In Ballast
9101546,AASNES,2025-04-21T12:18:00,1,170,COPENHAGEN,In Ballast
9101546,AASNES,2025-04-19T15:17:00,0,170,COPENHAGEN,Fully Laden
9101546,AASNES,2025-04-16T02:02:00,1,389,WILHELMSHAVEN,In Ballast
9101546,AASNES,2025-04-15T02:54:00,0,389,WILHELMSHAVEN,Fully Laden
9101546,AASNES,2025-04-13T21:33:00,1,17488,REKEFJORD,Fully Laden
9101546,AASNES,2025-04-13T06:37:00,0,17488,REKEFJORD,In Ballast
9101546,AASNES,2025-04-11T18:38:00,1,177,EEMSHAVEN,In Ballast
9101546,AASNES,2025-04-11T01:57:00,0,177,EEMSHAVEN,Fully Laden
9101546,AASNES,2025-04-09T18:15:00,1,17488,REKEFJORD,Fully Laden
9101546,AASNES,2025-04-09T00:10:00,0,17488,REKEFJORD,In Ballast
9101546,AASNES,2025-04-07T21:25:00,1,177,EEMSHAVEN,In Ballast
9101546,AASNES,2025-04-06T14:48:00,0,177,EEMSHAVEN,Fully Laden
9101546,AASNES,2025-04-05T09:24:00,1,17488,REKEFJORD,Fully Laden
9101546,AASNES,2025-04-04T11:15:00,0,17488,REKEFJORD,In Ballast
9101546,AASNES,2025-03-31T22:10:00,1,21668,EYDEHAVN,Fully Laden
9101546,AASNES,2025-03-31T06:01:00,0,21668,EYDEHAVN,In Ballast
9101546,AASNES,2025-03-31T06:00:00,1,754,ARENDAL,In Ballast
9101546,AASNES,2025-03-31T05:15:00,0,754,ARENDAL,In Ballast
9101546,AASNES,2025-03-30T12:43:00,1,348,FALKENBERG,In Ballast
9101546,AASNES,2025-03-17T07:32:00,0,348,FALKENBERG,In Ballast
9101546,AASNES,2025-03-17T07:31:00,1,23243,FALKENBERG ANCH,In Ballast
9101546,AASNES,2025-03-16T07:41:00,0,23243,FALKENBERG ANCH,In Ballast
9101546,AASNES,2025-03-13T21:02:00,1,338,KARLSKRONA,Fully Laden
9101546,AASNES,2025-03-13T08:14:00,0,338,KARLSKRONA,In Ballast
9101546,AASNES,2025-03-10T20:24:00,1,338,KARLSKRONA,Fully Laden
9101546,AASNES,2025-03-10T08:08:00,0,338,KARLSKRONA,In Ballast
9101546,AASNES,2025-03-09T12:44:00,1,170,COPENHAGEN,In Ballast
9101546,AASNES,2025-03-07T19:57:00,0,170,COPENHAGEN,Fully Laden
9101546,AASNES,2025-03-06T16:51:00,1,24488,HAUSVIK,Fully Laden
9101546,AASNES,2025-03-05T16:49:00,0,24488,HAUSVIK,In Ballast
9101546,AASNES,2025-03-05T16:22:00,1,20121,LYNGDAL,In Ballast
9101546,AASNES,2025-03-03T19:09:00,0,20121,LYNGDAL,In Ballast
9101546,AASNES,2025-03-02T15:45:00,1,177,EEMSHAVEN,In Ballast
9101546,AASNES,2025-03-02T00:02:00,0,177,EEMSHAVEN,Fully Laden
9101546,AASNES,2025-02-28T17:52:00,1,17488,REKEFJORD,Fully Laden
9101546,AASNES,2025-02-27T19:33:00,0,17488,REKEFJORD,In Ballast
9101546,AASNES,2025-02-26T15:32:00,1,177,EEMSHAVEN,In Ballast
9101546,AASNES,2025-02-25T18:03:00,0,177,EEMSHAVEN,Fully Laden
9101546,AASNES,2025-02-24T07:21:00,1,17488,REKEFJORD,Fully Laden
9101546,AASNES,2025-02-23T06:52:00,0,17488,REKEFJORD,In Ballast
9101546,AASNES,2025-02-21T23:36:00,1,238,MALOY,In Ballast
9101546,AASNES,2025-02-21T23:26:00,0,238,MALOY,In Ballast
9101546,AASNES,2025-02-20T21:20:00,1,20515,FOLLAFOSS,In Ballast
9101546,AASNES,2025-02-19T05:02:00,0,20515,FOLLAFOSS,Partially Laden
9101546,AASNES,2025-02-14T16:31:00,1,247,CORK,Partially Laden
9101546,AASNES,2025-02-14T15:46:00,0,247,CORK,Partially Laden
9101546,AASNES,2025-02-14T15:42:00,1,247,CORK,Partially Laden
9101546,AASNES,2025-02-14T15:07:00,0,247,CORK,Partially Laden
9101546,AASNES,2025-02-14T15:04:00,1,4388,RUSHBROOKE,Partially Laden
9101546,AASNES,2025-02-14T15:00:00,0,4388,RUSHBROOKE,Partially Laden
9101546,AASNES,2025-02-14T14:34:00,0,247,CORK,In Ballast
9101546,AASNES,2025-02-14T14:30:00,1,247,CORK,In Ballast
9101546,AASNES,2025-02-14T13:07:00,0,247,CORK,In Ballast
9101546,AASNES,2025-02-14T13:00:00,1,247,CORK,In Ballast
9101546,AASNES,2025-02-13T08:20:00,0,247,CORK,In Ballast
9101546,AASNES,2025-02-11T08:41:00,1,195,IPSWICH,In Ballast
9101546,AASNES,2025-02-09T20:33:00,0,195,IPSWICH,Fully Laden
9101546,AASNES,2025-02-09T15:39:00,1,25400,SOUTHWOLD ANCH,Fully Laden
9101546,AASNES,2025-02-09T13:23:00,0,25400,SOUTHWOLD ANCH,Fully Laden
9101546,AASNES,2025-02-07T11:33:00,1,1653,STORASUND,Fully Laden
9101546,AASNES,2025-02-07T09:43:00,0,1653,STORASUND,Fully Laden
9101546,AASNES,2025-02-07T08:52:00,1,20671,KOPERVIK,Fully Laden
9101546,AASNES,2025-02-06T22:19:00,0,20671,KOPERVIK,Fully Laden
9101546,AASNES,2025-02-04T10:59:00,1,19855,HOLLA,In Ballast
9101546,AASNES,2025-02-03T05:01:00,0,19855,HOLLA,Fully Laden
9101546,AASNES,2025-01-30T15:58:00,1,1826,DORDRECHT,Fully Laden
9101546,AASNES,2025-01-29T19:17:00,0,1826,DORDRECHT,In Ballast
9101546,AASNES,2025-01-29T17:54:00,1,2033,ROTTERDAM BOTLEK,In Ballast
9101546,AASNES,2025-01-29T17:44:00,0,2033,ROTTERDAM BOTLEK,In Ballast
9101546,AASNES,2025-01-29T02:34:00,1,128,TILBURY,In Ballast
9101546,AASNES,2025-01-27T19:12:00,0,128,TILBURY,Fully Laden
9101546,AASNES,2025-01-27T03:35:00,1,25400,SOUTHWOLD ANCH,Fully Laden
9101546,AASNES,2025-01-26T23:34:00,0,25400,SOUTHWOLD ANCH,Fully Laden
9101546,AASNES,2025-01-23T21:52:00,1,20506,EIKEFET,Fully Laden
9101546,AASNES,2025-01-23T10:00:00,0,20506,EIKEFET,In Ballast
9101546,AASNES,2025-01-21T12:19:00,1,146,HULL,In Ballast
9101546,AASNES,2025-01-20T18:49:00,0,146,HULL,Fully Laden
9101546,AASNES,2025-01-20T18:03:00,1,147,IMMINGHAM,Fully Laden
9101546,AASNES,2025-01-20T17:44:00,0,147,IMMINGHAM,Fully Laden
9101546,AASNES,2025-01-19T15:41:00,1,133,TERNEUZEN,Fully Laden
9101546,AASNES,2025-01-19T14:35:00,0,133,TERNEUZEN,Fully Laden
9101546,AASNES,2025-01-19T14:34:00,1,1422,SLUISKIL,Fully Laden
9101546,AASNES,2025-01-19T14:16:00,0,1422,SLUISKIL,Fully Laden
9101546,AASNES,2025-01-19T14:10:00,1,1423,SAS VAN GENT,Fully Laden
9101546,AASNES,2025-01-19T14:00:00,0,1423,SAS VAN GENT,Fully Laden
9101546,AASNES,2025-01-19T13:59:00,1,18807,ZELZATE,Fully Laden
9101546,AASNES,2025-01-19T13:47:00,0,18807,ZELZATE,Fully Laden
9101546,AASNES,2025-01-19T13:46:00,1,122,GHENT,Fully Laden
9101546,AASNES,2025-01-18T21:35:00,0,122,GHENT,In Ballast
9101546,AASNES,2025-01-18T21:34:00,1,18807,ZELZATE,In Ballast
9101546,AASNES,2025-01-18T21:24:00,0,18807,ZELZATE,In Ballast
9101546,AASNES,2025-01-18T21:23:00,1,1423,SAS VAN GENT,In Ballast
9101546,AASNES,2025-01-18T21:13:00,0,1423,SAS VAN GENT,In Ballast
9101546,AASNES,2025-01-18T21:08:00,1,1422,SLUISKIL,In Ballast
9101546,AASNES,2025-01-18T20:54:00,0,1422,SLUISKIL,In Ballast
9101546,AASNES,2025-01-18T20:53:00,1,133,TERNEUZEN,In Ballast
9101546,AASNES,2025-01-18T18:50:00,0,133,TERNEUZEN,In Ballast
9101546,AASNES,2025-01-18T15:25:00,1,22325,ANTWERP ANCH,In Ballast
9101546,AASNES,2025-01-18T08:17:00,0,22325,ANTWERP ANCH,In Ballast
9101546,AASNES,2025-01-17T21:39:00,1,195,IPSWICH,In Ballast
9101546,AASNES,2025-01-17T01:30:00,0,195,IPSWICH,Fully Laden
9101546,AASNES,2025-01-14T10:02:00,1,250,WARRENPOINT,Fully Laden
9101546,AASNES,2025-01-12T21:27:00,0,250,WARRENPOINT,In Ballast
9101546,AASNES,2025-01-12T07:52:00,1,84,CLYDEPORT GREENOCK,In Ballast
9101546,AASNES,2025-01-12T07:35:00,0,84,CLYDEPORT GREENOCK,In Ballast
9101546,AASNES,2025-01-12T06:20:00,1,226,GLASGOW,In Ballast
9101546,AASNES,2025-01-11T07:15:00,0,226,GLASGOW,Fully Laden
9101546,AASNES,2025-01-11T06:01:00,1,84,CLYDEPORT GREENOCK,Fully Laden
9101546,AASNES,2025-01-11T05:40:00,0,84,CLYDEPORT GREENOCK,Fully Laden
9101546,AASNES,2025-01-10T19:25:00,1,21592,KILROOT,Fully Laden
9101546,AASNES,2025-01-10T08:32:00,0,21592,KILROOT,Fully Laden
9101546,AASNES,2025-01-09T19:55:00,1,741,LONDONDERRY,Fully Laden
9101546,AASNES,2025-01-07T22:54:00,0,741,LONDONDERRY,Fully Laden
9101546,AASNES,2025-01-04T04:21:00,1,117,ANTWERP,Fully Laden
9101546,AASNES,2024-12-30T12:07:00,0,117,ANTWERP,In Ballast
9101546,AASNES,2024-12-29T03:39:00,1,174,BREMERHAVEN,In Ballast
9101546,AASNES,2024-12-28T06:43:00,0,174,BREMERHAVEN,Partially Laden
9101546,AASNES,2024-12-26T19:14:00,1,17488,REKEFJORD,Fully Laden
9101546,AASNES,2024-12-26T05:49:00,0,17488,REKEFJORD,In Ballast
9101546,AASNES,2024-12-26T04:29:00,1,756,EGERSUND,In Ballast
9101546,AASNES,2024-12-26T01:22:00,0,756,EGERSUND,In Ballast
9101546,AASNES,2024-12-23T15:28:00,1,20515,FOLLAFOSS,In Ballast
9101546,AASNES,2024-12-22T05:15:00,0,20515,FOLLAFOSS,Fully Laden
9101546,AASNES,2024-12-22T01:22:00,1,22636,TRONDHEIM ANCH,Fully Laden
9101546,AASNES,2024-12-21T04:11:00,0,22636,TRONDHEIM ANCH,Fully Laden
9101546,AASNES,2024-12-17T11:00:00,1,21424,CORPACH,Fully Laden
9101546,AASNES,2024-12-14T17:59:00,0,21424,CORPACH,In Ballast
9101546,AASNES,2024-12-12T18:22:00,1,130,CARDIFF,In Ballast
9101546,AASNES,2024-12-12T02:20:00,0,130,CARDIFF,Fully Laden
9101546,AASNES,2024-12-10T15:11:00,1,410,BELFAST,Fully Laden
9101546,AASNES,2024-12-08T12:14:00,0,410,BELFAST,In Ballast
9101546,AASNES,2024-12-08T11:50:00,1,22343,BELFAST ANCH,In Ballast
9101546,AASNES,2024-12-07T19:15:00,0,22343,BELFAST ANCH,In Ballast
9101546,AASNES,2024-12-07T11:07:00,1,84,CLYDEPORT GREENOCK,In Ballast
9101546,AASNES,2024-12-07T10:49:00,0,84,CLYDEPORT GREENOCK,In Ballast
9101546,AASNES,2024-12-07T09:46:00,1,226,GLASGOW,In Ballast
9101546,AASNES,2024-12-06T02:51:00,0,226,GLASGOW,Fully Laden
9101546,AASNES,2024-12-06T01:37:00,1,84,CLYDEPORT GREENOCK,Fully Laden
9101546,AASNES,2024-12-06T01:19:00,0,84,CLYDEPORT GREENOCK,Fully Laden
9101546,AASNES,2024-12-05T16:39:00,1,21592,KILROOT,Fully Laden
9101546,AASNES,2024-12-05T06:14:00,0,21592,KILROOT,Fully Laden
9101546,AASNES,2024-12-04T20:20:00,1,741,LONDONDERRY,Fully Laden
9101546,AASNES,2024-12-02T23:08:00,0,741,LONDONDERRY,Fully Laden
9101546,AASNES,2024-12-02T21:55:00,1,23150,LONDONDERRY ANCH,Fully Laden
9101546,AASNES,2024-12-01T23:21:00,0,23150,LONDONDERRY ANCH,Fully Laden
9101546,AASNES,2024-11-28T17:45:00,1,117,ANTWERP,Fully Laden
9101546,AASNES,2024-11-27T19:22:00,0,117,ANTWERP,In Ballast
9101546,AASNES,2024-11-27T05:54:00,1,154,DOVER,In Ballast
9101546,AASNES,2024-11-26T12:31:00,0,154,DOVER,Fully Laden
9101546,AASNES,2024-11-26T02:48:00,1,25400,SOUTHWOLD ANCH,Fully Laden
9101546,AASNES,2024-11-26T00:19:00,0,25400,SOUTHWOLD ANCH,Fully Laden
9101546,AASNES,2024-11-22T20:21:00,1,17431,SLOVAG,Fully Laden
9147136,AASTIND,2025-05-19T04:10:00,0,133,TERNEUZEN,Fully Laden
9147136,AASTIND,2025-05-16T20:23:00,1,430,SWANSEA,Fully Laden
9147136,AASTIND,2025-05-15T07:41:00,0,430,SWANSEA,In Ballast
9147136,AASTIND,2025-05-14T19:11:00,1,21651,WATERFORD,In Ballast
9147136,AASTIND,2025-05-13T19:52:00,0,21651,WATERFORD,Fully Laden
9147136,AASTIND,2025-05-13T18:55:00,1,23184,WATERFORD ANCH,Fully Laden
9147136,AASTIND,2025-05-13T09:50:00,0,23184,WATERFORD ANCH,Fully Laden
9147136,AASTIND,2025-05-11T05:45:00,1,133,TERNEUZEN,Fully Laden
9147136,AASTIND,2025-05-11T04:32:00,0,133,TERNEUZEN,Fully Laden
9147136,AASTIND,2025-05-11T04:31:00,1,1422,SLUISKIL,Fully Laden
9147136,AASTIND,2025-05-11T04:11:00,0,1422,SLUISKIL,Fully Laden
9147136,AASTIND,2025-05-11T04:06:00,1,1423,SAS VAN GENT,Fully Laden
9147136,AASTIND,2025-05-11T03:54:00,0,1423,SAS VAN GENT,Fully Laden
9147136,AASTIND,2025-05-11T03:53:00,1,18807,ZELZATE,Fully Laden
9147136,AASTIND,2025-05-11T03:40:00,0,18807,ZELZATE,Fully Laden
9147136,AASTIND,2025-05-11T03:39:00,1,122,GHENT,Fully Laden
9147136,AASTIND,2025-05-10T07:54:00,0,122,GHENT,In Ballast
9147136,AASTIND,2025-05-10T07:53:00,1,18807,ZELZATE,In Ballast
9147136,AASTIND,2025-05-10T07:42:00,0,18807,ZELZATE,In Ballast
9147136,AASTIND,2025-05-10T07:41:00,1,1423,SAS VAN GENT,In Ballast
9147136,AASTIND,2025-05-10T07:29:00,0,1423,SAS VAN GENT,In Ballast
9147136,AASTIND,2025-05-10T07:25:00,1,1422,SLUISKIL,In Ballast
9147136,AASTIND,2025-05-10T07:09:00,0,1422,SLUISKIL,In Ballast
9147136,AASTIND,2025-05-10T07:08:00,1,133,TERNEUZEN,In Ballast
9147136,AASTIND,2025-05-10T06:04:00,0,133,TERNEUZEN,In Ballast
9147136,AASTIND,2025-05-09T14:23:00,1,195,IPSWICH,In Ballast
9147136,AASTIND,2025-05-08T21:19:00,0,195,IPSWICH,Fully Laden
9147136,AASTIND,2025-05-08T17:57:00,1,25400,SOUTHWOLD ANCH,Fully Laden
9147136,AASTIND,2025-05-08T15:55:00,0,25400,SOUTHWOLD ANCH,Fully Laden
9147136,AASTIND,2025-05-03T01:35:00,1,174,BREMERHAVEN,In Ballast
9147136,AASTIND,2025-05-02T01:00:00,0,174,BREMERHAVEN,Fully Laden
9147136,AASTIND,2025-04-29T19:34:00,1,20506,EIKEFET,Fully Laden
9147136,AASTIND,2025-04-29T05:31:00,0,20506,EIKEFET,In Ballast
9147136,AASTIND,2025-04-28T00:24:00,1,19855,HOLLA,In Ballast
9147136,AASTIND,2025-04-26T10:51:00,0,19855,HOLLA,Fully Laden
9147136,AASTIND,2025-04-23T00:26:00,1,1826,DORDRECHT,Fully Laden
9147136,AASTIND,2025-04-21T20:10:00,0,1826,DORDRECHT,In Ballast
9147136,AASTIND,2025-04-21T06:51:00,1,195,IPSWICH,In Ballast
9147136,AASTIND,2025-04-19T13:08:00,0,195,IPSWICH,Fully Laden
9147136,AASTIND,2025-04-19T11:01:00,1,22699,HARWICH ANCH,Fully Laden
9147136,AASTIND,2025-04-19T07:46:00,0,22699,HARWICH ANCH,Fully Laden
9147136,AASTIND,2025-04-19T05:34:00,1,25400,SOUTHWOLD ANCH,Fully Laden
9147136,AASTIND,2025-04-19T02:01:00,0,25400,SOUTHWOLD ANCH,Fully Laden
9147136,AASTIND,2025-04-16T19:21:00,1,753,KRAGERO,Fully Laden
9147136,AASTIND,2025-04-16T04:03:00,0,753,KRAGERO,In Ballast
9147136,AASTIND,2025-04-15T12:23:00,1,376,THYBORON,In Ballast
9147136,AASTIND,2025-04-15T12:13:00,0,376,THYBORON,In Ballast
9147136,AASTIND,2025-04-13T10:31:00,1,20506,EIKEFET,Fully Laden
9147136,AASTIND,2025-04-12T14:55:00,0,20506,EIKEFET,In Ballast
9147136,AASTIND,2025-04-10T21:14:00,1,19855,HOLLA,In Ballast
9147136,AASTIND,2025-04-09T05:04:00,0,19855,HOLLA,Fully Laden
9147136,AASTIND,2025-04-05T21:41:00,1,2037,ROTTERDAM MAASVLAKTE,Fully Laden
9147136,AASTIND,2025-04-04T05:45:00,0,2037,ROTTERDAM MAASVLAKTE,In Ballast
9147136,AASTIND,2025-04-03T18:28:00,1,195,IPSWICH,In Ballast
9147136,AASTIND,2025-04-03T00:29:00,0,195,IPSWICH,Fully Laden
9147136,AASTIND,2025-04-02T23:41:00,1,199,FELIXSTOWE,Fully Laden
9147136,AASTIND,2025-04-02T23:20:00,0,199,FELIXSTOWE,Fully Laden
9147136,AASTIND,2025-04-02T22:41:00,1,22699,HARWICH ANCH,Fully Laden
9147136,AASTIND,2025-04-02T13:39:00,0,22699,HARWICH ANCH,Fully Laden
9147136,AASTIND,2025-04-02T12:10:00,1,25400,SOUTHWOLD ANCH,Fully Laden
9147136,AASTIND,2025-04-02T10:09:00,0,25400,SOUTHWOLD ANCH,Fully Laden
9147136,AASTIND,2025-03-31T06:41:00,1,17431,SLOVAG,Fully Laden
9147136,AASTIND,2025-03-30T13:55:00,0,17431,SLOVAG,In Ballast
9147136,AASTIND,2025-03-29T08:18:00,1,376,THYBORON,In Ballast
9147136,AASTIND,2025-03-29T08:06:00,0,376,THYBORON,Fully Laden
9147136,AASTIND,2025-03-27T06:53:00,1,20506,EIKEFET,Fully Laden
9147136,AASTIND,2025-03-26T08:56:00,0,20506,EIKEFET,In Ballast
9147136,AASTIND,2025-03-24T17:07:00,1,19855,HOLLA,In Ballast
9147136,AASTIND,2025-03-22T20:17:00,0,19855,HOLLA,Fully Laden
9147136,AASTIND,2025-03-19T14:18:00,1,1826,DORDRECHT,Fully Laden
9147136,AASTIND,2025-03-18T06:44:00,0,1826,DORDRECHT,In Ballast
9147136,AASTIND,2025-03-18T05:23:00,1,2033,ROTTERDAM BOTLEK,In Ballast
9147136,AASTIND,2025-03-18T05:13:00,0,2033,ROTTERDAM BOTLEK,In Ballast
9147136,AASTIND,2025-03-17T16:26:00,1,195,IPSWICH,In Ballast
9147136,AASTIND,2025-03-16T22:34:00,0,195,IPSWICH,Fully Laden
9147136,AASTIND,2025-03-16T21:06:00,1,22699,HARWICH ANCH,Fully Laden
9147136,AASTIND,2025-03-16T15:12:00,0,22699,HARWICH ANCH,Fully Laden
9147136,AASTIND,2025-03-16T13:14:00,1,25400,SOUTHWOLD ANCH,Fully Laden
9147136,AASTIND,2025-03-16T11:08:00,0,25400,SOUTHWOLD ANCH,Fully Laden
9147136,AASTIND,2025-03-12T08:19:00,1,19855,HOLLA,In Ballast
9147136,AASTIND,2025-03-10T20:31:00,0,19855,HOLLA,Fully Laden
9147136,AASTIND,2025-03-07T10:04:00,1,1826,DORDRECHT,Fully Laden
9147136,AASTIND,2025-03-05T08:20:00,0,1826,DORDRECHT,In Ballast
9147136,AASTIND,2025-03-05T06:49:00,1,2039,ROTTERDAM WAALHAVEN,In Ballast
9147136,AASTIND,2025-03-03T16:30:00,0,2039,ROTTERDAM WAALHAVEN,Fully Laden
9147136,AASTIND,2025-03-01T07:28:00,1,430,SWANSEA,Fully Laden
9147136,AASTIND,2025-02-28T06:49:00,0,430,SWANSEA,In Ballast
9147136,AASTIND,2025-02-26T19:44:00,1,1452,FOYNES,In Ballast
9147136,AASTIND,2025-02-25T21:13:00,0,1452,FOYNES,Fully Laden
9147136,AASTIND,2025-02-22T17:27:00,1,21592,KILROOT,Fully Laden
9147136,AASTIND,2025-02-22T06:27:00,0,21592,KILROOT,In Ballast
9147136,AASTIND,2025-02-22T06:17:00,1,22343,BELFAST ANCH,In Ballast
9147136,AASTIND,2025-02-21T07:31:00,0,22343,BELFAST ANCH,In Ballast
9147136,AASTIND,2025-02-20T20:57:00,1,741,LONDONDERRY,In Ballast
9147136,AASTIND,2025-02-19T08:23:00,0,741,LONDONDERRY,Fully Laden
9147136,AASTIND,2025-02-16T00:45:00,1,117,ANTWERP,Fully Laden
9147136,AASTIND,2025-02-15T01:32:00,0,117,ANTWERP,In Ballast
9147136,AASTIND,2025-02-14T13:00:00,1,2039,ROTTERDAM WAALHAVEN,In Ballast
9147136,AASTIND,2025-02-13T14:52:00,0,2039,ROTTERDAM WAALHAVEN,Fully Laden
9147136,AASTIND,2025-02-11T05:37:00,1,430,SWANSEA,Fully Laden
9147136,AASTIND,2025-02-09T01:41:00,0,430,SWANSEA,In Ballast
9147136,AASTIND,2025-02-08T16:27:00,1,1240,NEWPORT,In Ballast
9147136,AASTIND,2025-02-07T12:58:00,0,1240,NEWPORT,Fully Laden
9147136,AASTIND,2025-02-07T11:08:00,1,22759,AVONMOUTH ANCH,Fully Laden
9147136,AASTIND,2025-02-06T21:40:00,0,22759,AVONMOUTH ANCH,Fully Laden
9147136,AASTIND,2025-02-04T18:55:00,1,2407,VLISSINGEN,Fully Laden
9147136,AASTIND,2025-02-03T10:12:00,0,2407,VLISSINGEN,In Ballast
9147136,AASTIND,2025-02-03T01:40:00,1,2039,ROTTERDAM WAALHAVEN,In Ballast
9147136,AASTIND,2025-02-02T07:44:00,0,2039,ROTTERDAM WAALHAVEN,Fully Laden
9147136,AASTIND,2025-02-02T07:15:00,1,2033,ROTTERDAM BOTLEK,Fully Laden
9147136,AASTIND,2025-02-02T07:01:00,0,2033,ROTTERDAM BOTLEK,Fully Laden
9147136,AASTIND,2025-01-30T19:54:00,1,430,SWANSEA,Fully Laden
9147136,AASTIND,2025-01-30T04:40:00,0,430,SWANSEA,In Ballast
9147136,AASTIND,2025-01-30T04:11:00,1,23173,PORT TALBOT ANCH,In Ballast
9147136,AASTIND,2025-01-29T21:27:00,0,23173,PORT TALBOT ANCH,In Ballast
9147136,AASTIND,2025-01-29T17:59:00,1,130,CARDIFF,In Ballast
9147136,AASTIND,2025-01-28T17:24:00,0,130,CARDIFF,Fully Laden
9147136,AASTIND,2025-01-28T16:08:00,1,22759,AVONMOUTH ANCH,Fully Laden
9147136,AASTIND,2025-01-28T13:19:00,0,22759,AVONMOUTH ANCH,Fully Laden
9147136,AASTIND,2025-01-25T23:00:00,1,410,BELFAST,Fully Laden
9147136,AASTIND,2025-01-25T05:44:00,0,410,BELFAST,In Ballast
9147136,AASTIND,2025-01-24T20:15:00,1,741,LONDONDERRY,In Ballast
9147136,AASTIND,2025-01-22T22:01:00,0,741,LONDONDERRY,Fully Laden
9147136,AASTIND,2025-01-22T20:52:00,1,23150,LONDONDERRY ANCH,Fully Laden
9147136,AASTIND,2025-01-19T21:28:00,0,23150,LONDONDERRY ANCH,Fully Laden
9147136,AASTIND,2025-01-16T17:15:00,1,117,ANTWERP,Fully Laden
9147136,AASTIND,2025-01-15T04:24:00,0,117,ANTWERP,In Ballast
9147136,AASTIND,2025-01-14T18:35:00,1,25400,SOUTHWOLD ANCH,In Ballast
9147136,AASTIND,2025-01-14T17:12:00,0,25400,SOUTHWOLD ANCH,In Ballast
9147136,AASTIND,2025-01-14T05:22:00,1,146,HULL,In Ballast
9147136,AASTIND,2025-01-13T04:31:00,0,146,HULL,Fully Laden
9147136,AASTIND,2025-01-13T03:49:00,1,147,IMMINGHAM,Fully Laden
9147136,AASTIND,2025-01-13T03:32:00,0,147,IMMINGHAM,Fully Laden
9147136,AASTIND,2025-01-11T08:27:00,1,17488,REKEFJORD,Fully Laden
9147136,AASTIND,2025-01-10T07:57:00,0,17488,REKEFJORD,In Ballast
9147136,AASTIND,2025-01-08T12:04:00,1,146,HULL,In Ballast
9147136,AASTIND,2025-01-06T09:51:00,0,146,HULL,Fully Laden
9147136,AASTIND,2025-01-06T09:06:00,1,147,IMMINGHAM,Fully Laden
9147136,AASTIND,2025-01-06T08:52:00,0,147,IMMINGHAM,Fully Laden
9147136,AASTIND,2025-01-04T14:24:00,1,17488,REKEFJORD,Fully Laden
9147136,AASTIND,2025-01-03T15:07:00,0,17488,REKEFJORD,In Ballast
9147136,AASTIND,2025-01-01T06:34:00,1,146,HULL,In Ballast
9147136,AASTIND,2024-12-30T04:50:00,0,146,HULL,Fully Laden
9147136,AASTIND,2024-12-30T04:00:00,1,147,IMMINGHAM,Fully Laden
9147136,AASTIND,2024-12-30T03:44:00,0,147,IMMINGHAM,Fully Laden
9147136,AASTIND,2024-12-30T02:11:00,1,22363,IMMINGHAM ANCH,Fully Laden
9147136,AASTIND,2024-12-29T01:53:00,0,22363,IMMINGHAM ANCH,Fully Laden
9147136,AASTIND,2024-12-27T15:18:00,1,17488,REKEFJORD,Fully Laden
9147136,AASTIND,2024-12-26T08:50:00,0,17488,REKEFJORD,In Ballast
9147136,AASTIND,2024-12-25T05:39:00,1,177,EEMSHAVEN,In Ballast
9147136,AASTIND,2024-12-23T21:09:00,0,177,EEMSHAVEN,Fully Laden
9147136,AASTIND,2024-12-22T08:15:00,1,17488,REKEFJORD,Fully Laden
9147136,AASTIND,2024-12-21T08:51:00,0,17488,REKEFJORD,In Ballast
9147136,AASTIND,2024-12-19T12:41:00,1,19855,HOLLA,In Ballast
9147136,AASTIND,2024-12-17T19:05:00,0,19855,HOLLA,Fully Laden
9147136,AASTIND,2024-12-13T23:56:00,1,2037,ROTTERDAM MAASVLAKTE,Fully Laden
9147136,AASTIND,2024-12-13T00:26:00,0,2037,ROTTERDAM MAASVLAKTE,In Ballast
9147136,AASTIND,2024-12-12T12:55:00,1,154,DOVER,In Ballast
9147136,AASTIND,2024-12-11T10:14:00,0,154,DOVER,Fully Laden
9147136,AASTIND,2024-12-09T23:38:00,1,25400,SOUTHWOLD ANCH,Fully Laden
9147136,AASTIND,2024-12-09T20:25:00,0,25400,SOUTHWOLD ANCH,Fully Laden
9147136,AASTIND,2024-12-07T13:57:00,1,17431,SLOVAG,Fully Laden
9147136,AASTIND,2024-12-06T23:16:00,0,17431,SLOVAG,In Ballast
9147136,AASTIND,2024-12-06T23:09:00,1,17431,SLOVAG,In Ballast
9147136,AASTIND,2024-12-06T14:47:00,0,17431,SLOVAG,In Ballast
9147136,AASTIND,2024-12-05T11:20:00,1,19855,HOLLA,In Ballast
9147136,AASTIND,2024-12-03T17:54:00,0,19855,HOLLA,Fully Laden
9147136,AASTIND,2024-11-30T04:01:00,1,2037,ROTTERDAM MAASVLAKTE,Fully Laden
9147136,AASTIND,2024-11-29T02:37:00,0,2037,ROTTERDAM MAASVLAKTE,In Ballast
9147136,AASTIND,2024-11-28T07:58:00,1,177,EEMSHAVEN,In Ballast
9147136,AASTIND,2024-11-27T07:35:00,0,177,EEMSHAVEN,Fully Laden
9147136,AASTIND,2024-11-25T08:52:00,1,17488,REKEFJORD,Fully Laden
9147136,AASTIND,2024-11-24T07:46:00,0,17488,REKEFJORD,In Ballast
9147136,AASTIND,2024-11-22T05:43:00,1,25400,SOUTHWOLD ANCH,In Ballast
9321407,AASTUN,2025-05-19T17:21:00,1,338,KARLSKRONA,Fully Laden
9321407,AASTUN,2025-05-19T06:35:00,0,338,KARLSKRONA,In Ballast
9321407,AASTUN,2025-05-18T15:45:00,1,170,COPENHAGEN,In Ballast
9321407,AASTUN,2025-05-17T03:58:00,0,170,COPENHAGEN,Fully Laden
9321407,AASTUN,2025-05-15T20:46:00,1,24488,HAUSVIK,Fully Laden
9321407,AASTUN,2025-05-15T03:26:00,0,24488,HAUSVIK,In Ballast
9321407,AASTUN,2025-05-11T18:24:00,1,21668,EYDEHAVN,Fully Laden
9321407,AASTUN,2025-05-11T10:00:00,0,21668,EYDEHAVN,In Ballast
9321407,AASTUN,2025-05-11T09:59:00,1,754,ARENDAL,In Ballast
9321407,AASTUN,2025-05-11T09:13:00,0,754,ARENDAL,In Ballast
9321407,AASTUN,2025-05-10T05:51:00,1,24811,TYSSEDAL,In Ballast
9321407,AASTUN,2025-05-09T14:29:00,0,24811,TYSSEDAL,Partially Laden
9321407,AASTUN,2025-05-06T15:35:00,1,410,BELFAST,Partially Laden
9321407,AASTUN,2025-05-04T00:34:00,0,410,BELFAST,In Ballast
9321407,AASTUN,2025-05-03T16:07:00,1,84,CLYDEPORT GREENOCK,In Ballast
9321407,AASTUN,2025-05-03T15:47:00,0,84,CLYDEPORT GREENOCK,In Ballast
9321407,AASTUN,2025-05-03T14:37:00,1,226,GLASGOW,In Ballast
9321407,AASTUN,2025-04-29T15:29:00,0,226,GLASGOW,Fully Laden
9321407,AASTUN,2025-04-29T14:14:00,1,84,CLYDEPORT GREENOCK,Fully Laden
9321407,AASTUN,2025-04-29T13:52:00,0,84,CLYDEPORT GREENOCK,Fully Laden
9321407,AASTUN,2025-04-28T06:41:00,1,1710,PORT TALBOT,Fully Laden
9321407,AASTUN,2025-04-26T15:44:00,0,1710,PORT TALBOT,In Ballast
9321407,AASTUN,2025-04-26T15:21:00,1,23173,PORT TALBOT ANCH,In Ballast
9321407,AASTUN,2025-04-25T19:49:00,0,23173,PORT TALBOT ANCH,In Ballast
9321407,AASTUN,2025-04-25T12:13:00,1,22759,AVONMOUTH ANCH,In Ballast
9321407,AASTUN,2025-04-24T19:53:00,0,22759,AVONMOUTH ANCH,In Ballast
9321407,AASTUN,2025-04-24T12:08:00,1,22759,AVONMOUTH ANCH,Fully Laden
9321407,AASTUN,2025-04-23T18:54:00,0,22759,AVONMOUTH ANCH,Fully Laden
9321407,AASTUN,2025-04-23T16:36:00,1,129,AVONMOUTH,Fully Laden
9321407,AASTUN,2025-04-22T12:23:00,0,129,AVONMOUTH,In Ballast
9321407,AASTUN,2025-04-20T11:20:00,1,156,DUNKIRK,In Ballast
9321407,AASTUN,2025-04-18T18:54:00,0,156,DUNKIRK,Fully Laden
9321407,AASTUN,2025-04-18T10:53:00,1,133,TERNEUZEN,Fully Laden
9321407,AASTUN,2025-04-18T09:18:00,0,133,TERNEUZEN,Fully Laden
9321407,AASTUN,2025-04-18T09:17:00,1,1422,SLUISKIL,Fully Laden
9321407,AASTUN,2025-04-18T08:55:00,0,1422,SLUISKIL,Fully Laden
9321407,AASTUN,2025-04-18T08:49:00,1,1423,SAS VAN GENT,Fully Laden
9321407,AASTUN,2025-04-18T08:37:00,0,1423,SAS VAN GENT,Fully Laden
9321407,AASTUN,2025-04-18T08:36:00,1,18807,ZELZATE,Fully Laden
9321407,AASTUN,2025-04-18T08:22:00,0,18807,ZELZATE,Fully Laden
9321407,AASTUN,2025-04-18T08:21:00,1,122,GHENT,Fully Laden
9321407,AASTUN,2025-04-16T05:13:00,0,122,GHENT,In Ballast
9321407,AASTUN,2025-04-16T05:12:00,1,18807,ZELZATE,In Ballast
9321407,AASTUN,2025-04-16T05:01:00,0,18807,ZELZATE,In Ballast
9321407,AASTUN,2025-04-16T05:00:00,1,1423,SAS VAN GENT,In Ballast
9321407,AASTUN,2025-04-16T04:49:00,0,1423,SAS VAN GENT,In Ballast
9321407,AASTUN,2025-04-16T04:45:00,1,1422,SLUISKIL,In Ballast
9321407,AASTUN,2025-04-16T04:29:00,0,1422,SLUISKIL,In Ballast
9321407,AASTUN,2025-04-16T04:28:00,1,133,TERNEUZEN,In Ballast
9321407,AASTUN,2025-04-16T03:12:00,0,133,TERNEUZEN,In Ballast
9321407,AASTUN,2025-04-15T14:20:00,1,195,IPSWICH,In Ballast
9321407,AASTUN,2025-04-12T12:47:00,0,195,IPSWICH,Fully Laden
9321407,AASTUN,2025-04-10T05:17:00,1,1710,PORT TALBOT,Fully Laden
9321407,AASTUN,2025-04-09T02:06:00,0,1710,PORT TALBOT,In Ballast
9321407,AASTUN,2025-04-09T01:39:00,1,23173,PORT TALBOT ANCH,In Ballast
9321407,AASTUN,2025-04-08T18:27:00,0,23173,PORT TALBOT ANCH,In Ballast
9321407,AASTUN,2025-04-08T10:05:00,1,22759,AVONMOUTH ANCH,In Ballast
9321407,AASTUN,2025-04-07T19:26:00,0,22759,AVONMOUTH ANCH,In Ballast
9321407,AASTUN,2025-04-07T10:38:00,1,22759,AVONMOUTH ANCH,Fully Laden
9321407,AASTUN,2025-04-07T05:53:00,0,22759,AVONMOUTH ANCH,Fully Laden
9321407,AASTUN,2025-04-07T03:28:00,1,129,AVONMOUTH,Fully Laden
9321407,AASTUN,2025-04-05T00:55:00,0,129,AVONMOUTH,In Ballast
9321407,AASTUN,2025-04-04T21:45:00,1,22759,AVONMOUTH ANCH,In Ballast
9321407,AASTUN,2025-04-04T16:49:00,0,22759,AVONMOUTH ANCH,In Ballast
9321407,AASTUN,2025-04-04T11:08:00,1,1710,PORT TALBOT,In Ballast
9321407,AASTUN,2025-04-03T09:13:00,0,1710,PORT TALBOT,Fully Laden
9321407,AASTUN,2025-03-31T18:18:00,1,179,IJMUIDEN,Fully Laden
9321407,AASTUN,2025-03-31T17:29:00,0,179,IJMUIDEN,Fully Laden
9321407,AASTUN,2025-03-31T16:43:00,1,1766,AMSTERDAM,Fully Laden
9321407,AASTUN,2025-03-30T01:46:00,0,1766,AMSTERDAM,In Ballast
9321407,AASTUN,2025-03-30T01:16:00,1,179,IJMUIDEN,In Ballast
9321407,AASTUN,2025-03-30T00:13:00,0,179,IJMUIDEN,In Ballast
9321407,AASTUN,2025-03-27T19:40:00,1,1240,NEWPORT,In Ballast
9321407,AASTUN,2025-03-26T05:09:00,0,1240,NEWPORT,Partially Laden
9321407,AASTUN,2025-03-23T16:57:00,1,179,IJMUIDEN,Partially Laden
9321407,AASTUN,2025-03-21T10:47:00,0,179,IJMUIDEN,In Ballast
9321407,AASTUN,2025-03-21T10:24:00,1,22284,AMSTERDAM ANCH,In Ballast
9321407,AASTUN,2025-03-21T07:52:00,0,22284,AMSTERDAM ANCH,In Ballast
9321407,AASTUN,2025-03-20T18:30:00,1,156,DUNKIRK,In Ballast
9321407,AASTUN,2025-03-20T06:19:00,0,156,DUNKIRK,Partially Laden
9321407,AASTUN,2025-03-17T18:22:00,1,1651,PORSGRUNN,Partially Laden
9321407,AASTUN,2025-03-16T21:24:00,0,1651,PORSGRUNN,In Ballast
9321407,AASTUN,2025-03-16T06:06:00,1,16720,GRONLANDSHAVNEN,In Ballast
9321407,AASTUN,2025-03-15T14:36:00,0,16720,GRONLANDSHAVNEN,Fully Laden
9321407,AASTUN,2025-03-13T15:19:00,1,151,SUNDERLAND,Fully Laden
9321407,AASTUN,2025-03-12T12:42:00,0,151,SUNDERLAND,In Ballast
9321407,AASTUN,2025-03-12T12:41:00,1,23248,SUNDERLAND ANCH,In Ballast
9321407,AASTUN,2025-03-12T12:16:00,0,23248,SUNDERLAND ANCH,In Ballast
9321407,AASTUN,2025-03-11T17:33:00,1,146,HULL,In Ballast
9321407,AASTUN,2025-03-10T02:49:00,0,146,HULL,Fully Laden
9321407,AASTUN,2025-03-10T02:10:00,1,147,IMMINGHAM,Fully Laden
9321407,AASTUN,2025-03-10T01:56:00,0,147,IMMINGHAM,Fully Laden
9321407,AASTUN,2025-03-09T16:45:00,1,25400,SOUTHWOLD ANCH,Fully Laden
9321407,AASTUN,2025-03-09T15:14:00,0,25400,SOUTHWOLD ANCH,Fully Laden
9321407,AASTUN,2025-03-09T08:08:00,1,133,TERNEUZEN,Fully Laden
9321407,AASTUN,2025-03-09T06:58:00,0,133,TERNEUZEN,Fully Laden
9321407,AASTUN,2025-03-09T06:57:00,1,1422,SLUISKIL,Fully Laden
9321407,AASTUN,2025-03-09T06:40:00,0,1422,SLUISKIL,Fully Laden
9321407,AASTUN,2025-03-09T06:36:00,1,1423,SAS VAN GENT,Fully Laden
9321407,AASTUN,2025-03-09T06:26:00,0,1423,SAS VAN GENT,Fully Laden
9321407,AASTUN,2025-03-09T06:25:00,1,18807,ZELZATE,Fully Laden
9321407,AASTUN,2025-03-09T06:14:00,0,18807,ZELZATE,Fully Laden
9321407,AASTUN,2025-03-09T06:13:00,1,122,GHENT,Fully Laden
9321407,AASTUN,2025-03-08T01:39:00,0,122,GHENT,In Ballast
9321407,AASTUN,2025-03-08T01:38:00,1,18807,ZELZATE,In Ballast
9321407,AASTUN,2025-03-08T01:27:00,0,18807,ZELZATE,In Ballast
9321407,AASTUN,2025-03-08T01:26:00,1,1423,SAS VAN GENT,In Ballast
9321407,AASTUN,2025-03-08T01:13:00,0,1423,SAS VAN GENT,In Ballast
9321407,AASTUN,2025-03-08T01:08:00,1,1422,SLUISKIL,In Ballast
9321407,AASTUN,2025-03-08T00:54:00,0,1422,SLUISKIL,In Ballast
9321407,AASTUN,2025-03-08T00:53:00,1,133,TERNEUZEN,In Ballast
9321407,AASTUN,2025-03-07T23:10:00,0,133,TERNEUZEN,In Ballast
9321407,AASTUN,2025-03-07T19:16:00,1,22325,ANTWERP ANCH,In Ballast
9321407,AASTUN,2025-03-07T08:13:00,0,22325,ANTWERP ANCH,In Ballast
9321407,AASTUN,2025-03-07T00:34:00,1,195,IPSWICH,In Ballast
9321407,AASTUN,2025-03-06T13:54:00,0,195,IPSWICH,Fully Laden
9321407,AASTUN,2025-03-06T12:19:00,1,22699,HARWICH ANCH,Fully Laden
9321407,AASTUN,2025-03-06T10:58:00,0,22699,HARWICH ANCH,Fully Laden
9321407,AASTUN,2025-03-05T22:35:00,1,1826,DORDRECHT,Fully Laden
9321407,AASTUN,2025-03-05T07:25:00,0,1826,DORDRECHT,In Ballast
9321407,AASTUN,2025-03-05T06:20:00,1,2033,ROTTERDAM BOTLEK,In Ballast
9321407,AASTUN,2025-03-04T20:46:00,0,2033,ROTTERDAM BOTLEK,In Ballast
9321407,AASTUN,2025-03-04T07:24:00,1,128,TILBURY,In Ballast
9321407,AASTUN,2025-03-03T10:07:00,0,128,TILBURY,Fully Laden
9321407,AASTUN,2025-03-03T07:13:00,1,22431,LONDON ANCH,Fully Laden
9321407,AASTUN,2025-02-28T15:42:00,0,22431,LONDON ANCH,Fully Laden
9321407,AASTUN,2025-02-28T10:35:00,1,20116,DUNKIRK EAST,Fully Laden
9321407,AASTUN,2025-02-27T06:52:00,0,20116,DUNKIRK EAST,In Ballast
9321407,AASTUN,2025-02-27T06:47:00,1,20116,DUNKIRK EAST,In Ballast
9321407,AASTUN,2025-02-25T16:46:00,0,20116,DUNKIRK EAST,In Ballast
9321407,AASTUN,2025-02-25T07:26:00,1,25400,SOUTHWOLD ANCH,In Ballast
9321407,AASTUN,2025-02-25T06:12:00,0,25400,SOUTHWOLD ANCH,In Ballast
9321407,AASTUN,2025-02-24T21:35:00,1,147,IMMINGHAM,In Ballast
9321407,AASTUN,2025-02-24T21:16:00,0,147,IMMINGHAM,In Ballast
9321407,AASTUN,2025-02-24T20:56:00,1,146,HULL,In Ballast
9321407,AASTUN,2025-02-24T09:27:00,0,146,HULL,Fully Laden
9321407,AASTUN,2025-02-24T08:48:00,1,147,IMMINGHAM,Fully Laden
9321407,AASTUN,2025-02-24T08:32:00,0,147,IMMINGHAM,Fully Laden
9321407,AASTUN,2025-02-23T21:05:00,1,25400,SOUTHWOLD ANCH,Fully Laden
9321407,AASTUN,2025-02-23T19:20:00,0,25400,SOUTHWOLD ANCH,Fully Laden
9321407,AASTUN,2025-02-23T11:48:00,1,133,TERNEUZEN,Fully Laden
9321407,AASTUN,2025-02-23T10:31:00,0,133,TERNEUZEN,Fully Laden
9321407,AASTUN,2025-02-23T10:30:00,1,1422,SLUISKIL,Fully Laden
9321407,AASTUN,2025-02-23T10:11:00,0,1422,SLUISKIL,Fully Laden
9321407,AASTUN,2025-02-23T10:05:00,1,1423,SAS VAN GENT,Fully Laden
9321407,AASTUN,2025-02-23T09:54:00,0,1423,SAS VAN GENT,Fully Laden
9321407,AASTUN,2025-02-23T09:53:00,1,18807,ZELZATE,Fully Laden
9321407,AASTUN,2025-02-23T09:40:00,0,18807,ZELZATE,Fully Laden
9321407,AASTUN,2025-02-23T09:39:00,1,122,GHENT,Fully Laden
9321407,AASTUN,2025-02-22T21:21:00,0,122,GHENT,In Ballast
9321407,AASTUN,2025-02-22T21:20:00,1,18807,ZELZATE,In Ballast
9321407,AASTUN,2025-02-22T21:09:00,0,18807,ZELZATE,In Ballast
9321407,AASTUN,2025-02-22T21:08:00,1,1423,SAS VAN GENT,In Ballast
9321407,AASTUN,2025-02-22T20:57:00,0,1423,SAS VAN GENT,In Ballast
9321407,AASTUN,2025-02-22T20:53:00,1,1422,SLUISKIL,In Ballast
9321407,AASTUN,2025-02-22T20:38:00,0,1422,SLUISKIL,In Ballast
9321407,AASTUN,2025-02-22T20:37:00,1,133,TERNEUZEN,In Ballast
9321407,AASTUN,2025-02-22T19:31:00,0,133,TERNEUZEN,In Ballast
9321407,AASTUN,2025-02-22T15:59:00,1,22325,ANTWERP ANCH,In Ballast
9321407,AASTUN,2025-02-22T10:08:00,0,22325,ANTWERP ANCH,In Ballast
9321407,AASTUN,2025-02-22T02:13:00,1,1711,PURFLEET,In Ballast
9321407,AASTUN,2025-02-21T05:24:00,0,1711,PURFLEET,Fully Laden
9321407,AASTUN,2025-02-20T13:23:00,1,179,IJMUIDEN,Fully Laden
9321407,AASTUN,2025-02-20T12:30:00,0,179,IJMUIDEN,Fully Laden
9321407,AASTUN,2025-02-20T11:57:00,1,1766,AMSTERDAM,Fully Laden
9321407,AASTUN,2025-02-19T22:05:00,0,1766,AMSTERDAM,In Ballast
9321407,AASTUN,2025-02-19T21:33:00,1,179,IJMUIDEN,In Ballast
9321407,AASTUN,2025-02-19T20:44:00,0,179,IJMUIDEN,In Ballast
9321407,AASTUN,2025-02-19T05:13:00,1,1711,PURFLEET,In Ballast
9321407,AASTUN,2025-02-18T14:28:00,0,1711,PURFLEET,Fully Laden
9321407,AASTUN,2025-02-17T21:13:00,1,179,IJMUIDEN,Fully Laden
9321407,AASTUN,2025-02-17T20:23:00,0,179,IJMUIDEN,Fully Laden
9321407,AASTUN,2025-02-17T19:49:00,1,1766,AMSTERDAM,Fully Laden
9321407,AASTUN,2025-02-15T20:31:00,0,1766,AMSTERDAM,In Ballast
9321407,AASTUN,2025-02-15T20:00:00,1,179,IJMUIDEN,In Ballast
9321407,AASTUN,2025-02-15T18:59:00,0,179,IJMUIDEN,In Ballast
9321407,AASTUN,2025-02-14T20:04:00,1,149,TEES,In Ballast
9321407,AASTUN,2025-02-14T19:40:00,0,149,TEES,In Ballast
9321407,AASTUN,2025-02-14T19:39:00,1,2804,MIDDLESBROUGH,In Ballast
9321407,AASTUN,2025-02-13T19:03:00,0,2804,MIDDLESBROUGH,Fully Laden
9321407,AASTUN,2025-02-13T19:02:00,1,149,TEES,Fully Laden
9321407,AASTUN,2025-02-13T18:31:00,0,149,TEES,Fully Laden
9321407,AASTUN,2025-02-13T18:10:00,1,22080,TEES ANCH,Fully Laden
9321407,AASTUN,2025-02-13T10:09:00,0,22080,TEES ANCH,Fully Laden
9321407,AASTUN,2025-02-12T16:29:00,1,25400,SOUTHWOLD ANCH,Fully Laden
9321407,AASTUN,2025-02-12T15:08:00,0,25400,SOUTHWOLD ANCH,Fully Laden
9321407,AASTUN,2025-02-10T15:48:00,1,1240,NEWPORT,Fully Laden
9321407,AASTUN,2025-02-08T00:47:00,0,1240,NEWPORT,Fully Laden
9321407,AASTUN,2025-02-05T19:24:00,1,179,IJMUIDEN,Fully Laden
9321407,AASTUN,2025-02-03T11:25:00,0,179,IJMUIDEN,In Ballast
9321407,AASTUN,2025-02-03T11:02:00,1,22284,AMSTERDAM ANCH,In Ballast
9321407,AASTUN,2025-01-31T10:35:00,0,22284,AMSTERDAM ANCH,In Ballast
9321407,AASTUN,2025-01-30T14:18:00,1,1497,BRUNSBUETTEL,In Ballast
9321407,AASTUN,2025-01-30T13:42:00,0,1497,BRUNSBUETTEL,In Ballast
9321407,AASTUN,2025-01-30T13:36:00,1,21777,NORD-OSTSEE-KANAL,In Ballast
9321407,AASTUN,2025-01-30T03:58:00,0,21777,NORD-OSTSEE-KANAL,In Ballast
9321407,AASTUN,2025-01-28T14:16:00,1,338,KARLSKRONA,Fully Laden
9321407,AASTUN,2025-01-27T14:22:00,0,338,KARLSKRONA,In Ballast
9321407,AASTUN,2025-01-27T13:58:00,1,23512,KARLSKRONA ANCH,In Ballast
9321407,AASTUN,2025-01-27T03:49:00,0,23512,KARLSKRONA ANCH,In Ballast
9321407,AASTUN,2025-01-26T15:12:00,1,21590,AVEDORE,In Ballast
9321407,AASTUN,2025-01-24T05:50:00,0,21590,AVEDORE,Fully Laden
9321407,AASTUN,2025-01-22T04:20:00,1,20504,MERSRAGS,Fully Laden
9321407,AASTUN,2025-01-21T02:07:00,0,20504,MERSRAGS,In Ballast
9321407,AASTUN,2025-01-21T01:34:00,1,23527,MERSRAGS ANCH,In Ballast
9321407,AASTUN,2025-01-20T09:20:00,0,23527,MERSRAGS ANCH,In Ballast
9321407,AASTUN,2025-01-18T12:48:00,1,551,AABENRAA,In Ballast
9321407,AASTUN,2025-01-17T23:04:00,0,551,AABENRAA,Fully Laden
9321407,AASTUN,2025-01-16T19:40:00,1,753,KRAGERO,Fully Laden
9321407,AASTUN,2025-01-15T18:44:00,0,753,KRAGERO,In Ballast
9321407,AASTUN,2025-01-14T21:17:00,1,21590,AVEDORE,In Ballast
9321407,AASTUN,2025-01-13T11:28:00,0,21590,AVEDORE,Fully Laden
9321407,AASTUN,2025-01-13T10:21:00,1,22644,KOEGE ANCH,Fully Laden
9321407,AASTUN,2025-01-10T21:44:00,0,22644,KOEGE ANCH,Fully Laden
9321407,AASTUN,2025-01-10T13:07:00,1,348,FALKENBERG,Fully Laden
9321407,AASTUN,2024-12-29T07:48:00,0,348,FALKENBERG,In Ballast
9321407,AASTUN,2024-12-29T07:47:00,1,23243,FALKENBERG ANCH,In Ballast
9321407,AASTUN,2024-12-28T18:22:00,0,23243,FALKENBERG ANCH,In Ballast
9321407,AASTUN,2024-12-22T07:15:00,1,21651,WATERFORD,Partially Laden
9321407,AASTUN,2024-12-20T20:24:00,0,21651,WATERFORD,In Ballast
9321407,AASTUN,2024-12-19T19:02:00,1,129,AVONMOUTH,In Ballast
9321407,AASTUN,2024-12-16T21:20:00,0,129,AVONMOUTH,In Ballast
9321407,AASTUN,2024-12-16T14:13:00,1,22759,AVONMOUTH ANCH,In Ballast
9321407,AASTUN,2024-12-15T22:33:00,0,22759,AVONMOUTH ANCH,Fully Laden
9321407,AASTUN,2024-12-15T14:49:00,1,22759,AVONMOUTH ANCH,Fully Laden
9321407,AASTUN,2024-12-15T11:44:00,0,22759,AVONMOUTH ANCH,Fully Laden
9321407,AASTUN,2024-12-15T07:18:00,1,129,AVONMOUTH,Fully Laden
9321407,AASTUN,2024-12-14T06:06:00,0,129,AVONMOUTH,In Ballast
9321407,AASTUN,2024-12-12T08:22:00,1,1711,PURFLEET,In Ballast
9321407,AASTUN,2024-12-11T16:44:00,0,1711,PURFLEET,Fully Laden
9321407,AASTUN,2024-12-11T13:47:00,1,22431,LONDON ANCH,Fully Laden
9321407,AASTUN,2024-12-10T21:47:00,0,22431,LONDON ANCH,Fully Laden
9321407,AASTUN,2024-12-10T11:04:00,1,133,TERNEUZEN,Fully Laden
9321407,AASTUN,2024-12-10T09:10:00,0,133,TERNEUZEN,Fully Laden
9321407,AASTUN,2024-12-10T09:09:00,1,1422,SLUISKIL,Fully Laden
9321407,AASTUN,2024-12-10T08:46:00,0,1422,SLUISKIL,Fully Laden
9321407,AASTUN,2024-12-10T08:41:00,1,1423,SAS VAN GENT,Fully Laden
9321407,AASTUN,2024-12-10T08:30:00,0,1423,SAS VAN GENT,Fully Laden
9321407,AASTUN,2024-12-10T08:29:00,1,18807,ZELZATE,Fully Laden
9321407,AASTUN,2024-12-10T08:19:00,0,18807,ZELZATE,Fully Laden
9321407,AASTUN,2024-12-10T08:18:00,1,122,GHENT,Fully Laden
9321407,AASTUN,2024-12-05T21:28:00,0,122,GHENT,In Ballast
9321407,AASTUN,2024-12-05T21:27:00,1,18807,ZELZATE,In Ballast
9321407,AASTUN,2024-12-05T21:14:00,0,18807,ZELZATE,In Ballast
9321407,AASTUN,2024-12-05T21:13:00,1,1423,SAS VAN GENT,In Ballast
9321407,AASTUN,2024-12-05T20:59:00,0,1423,SAS VAN GENT,In Ballast
9321407,AASTUN,2024-12-05T20:54:00,1,1422,SLUISKIL,In Ballast
9321407,AASTUN,2024-12-05T20:36:00,0,1422,SLUISKIL,In Ballast
9321407,AASTUN,2024-12-05T20:35:00,1,133,TERNEUZEN,In Ballast
9321407,AASTUN,2024-12-05T18:30:00,0,133,TERNEUZEN,In Ballast
9321407,AASTUN,2024-12-05T15:08:00,1,22325,ANTWERP ANCH,In Ballast
9321407,AASTUN,2024-12-05T02:42:00,0,22325,ANTWERP ANCH,In Ballast
9321407,AASTUN,2024-12-04T18:36:00,1,195,IPSWICH,In Ballast
9321407,AASTUN,2024-12-04T02:50:00,0,195,IPSWICH,Fully Laden
9321407,AASTUN,2024-12-03T22:55:00,1,25400,SOUTHWOLD ANCH,Fully Laden
9321407,AASTUN,2024-12-03T20:31:00,0,25400,SOUTHWOLD ANCH,Fully Laden
9321407,AASTUN,2024-12-01T17:50:00,1,22947,KRAGERO ANCH,Fully Laden
9321407,AASTUN,2024-12-01T17:39:00,0,22947,KRAGERO ANCH,Fully Laden
9321407,AASTUN,2024-12-01T17:38:00,1,753,KRAGERO,Fully Laden
9321407,AASTUN,2024-12-01T05:55:00,0,753,KRAGERO,In Ballast
9321407,AASTUN,2024-11-28T13:43:00,1,338,KARLSKRONA,Fully Laden
9321407,AASTUN,2024-11-27T23:03:00,0,338,KARLSKRONA,In Ballast
9321407,AASTUN,2024-11-25T15:23:00,1,338,KARLSKRONA,Fully Laden
9321407,AASTUN,2024-11-24T19:39:00,0,338,KARLSKRONA,In Ballast
9321407,AASTUN,2024-11-24T06:12:00,1,361,KOEGE,In Ballast
9321407,AASTUN,2024-11-23T15:01:00,0,361,KOEGE,Fully Laden
9433389,AASVIK,2025-05-20T11:28:00,1,179,IJMUIDEN,Fully Laden
9433389,AASVIK,2025-05-20T10:38:00,0,179,IJMUIDEN,Fully Laden
9433389,AASVIK,2025-05-20T10:03:00,1,1766,AMSTERDAM,Fully Laden
9433389,AASVIK,2025-05-18T19:52:00,0,1766,AMSTERDAM,In Ballast
9433389,AASVIK,2025-05-18T19:26:00,1,179,IJMUIDEN,In Ballast
9433389,AASVIK,2025-05-18T17:49:00,0,179,IJMUIDEN,In Ballast
9433389,AASVIK,2025-05-15T14:15:00,1,555,KOLDING,Partially Laden
9433389,AASVIK,2025-05-15T08:28:00,0,555,KOLDING,Fully Laden
9433389,AASVIK,2025-05-10T17:22:00,1,1710,PORT TALBOT,Fully Laden
9433389,AASVIK,2025-05-10T03:20:00,0,1710,PORT TALBOT,In Ballast
9433389,AASVIK,2025-05-10T02:50:00,1,23173,PORT TALBOT ANCH,In Ballast
9433389,AASVIK,2025-05-09T18:30:00,0,23173,PORT TALBOT ANCH,In Ballast
9433389,AASVIK,2025-05-09T11:34:00,1,22759,AVONMOUTH ANCH,In Ballast
9433389,AASVIK,2025-05-08T20:39:00,0,22759,AVONMOUTH ANCH,Fully Laden
9433389,AASVIK,2025-05-08T11:55:00,1,22759,AVONMOUTH ANCH,Fully Laden
9433389,AASVIK,2025-05-08T08:09:00,0,22759,AVONMOUTH ANCH,Fully Laden
9433389,AASVIK,2025-05-08T05:09:00,1,129,AVONMOUTH,Fully Laden
9433389,AASVIK,2025-05-06T01:28:00,0,129,AVONMOUTH,In Ballast
9433389,AASVIK,2025-05-03T17:24:00,1,199,FELIXSTOWE,In Ballast
9433389,AASVIK,2025-05-03T17:14:00,0,199,FELIXSTOWE,In Ballast
9433389,AASVIK,2025-05-03T16:22:00,1,195,IPSWICH,In Ballast
9433389,AASVIK,2025-05-03T03:16:00,0,195,IPSWICH,Fully Laden
9433389,AASVIK,2025-05-03T01:55:00,1,22699,HARWICH ANCH,Fully Laden
9433389,AASVIK,2025-05-02T22:54:00,0,22699,HARWICH ANCH,Fully Laden
9433389,AASVIK,2025-05-02T08:20:00,1,1826,DORDRECHT,Fully Laden
9433389,AASVIK,2025-05-01T18:54:00,0,1826,DORDRECHT,In Ballast
9433389,AASVIK,2025-05-01T03:30:00,1,1711,PURFLEET,In Ballast
9433389,AASVIK,2025-04-30T10:32:00,0,1711,PURFLEET,Fully Laden
9433389,AASVIK,2025-04-29T00:53:00,1,174,BREMERHAVEN,Fully Laden
9433389,AASVIK,2025-04-29T00:06:00,0,174,BREMERHAVEN,Fully Laden
9433389,AASVIK,2025-04-28T21:57:00,1,4496,BLUMENTHAL,Fully Laden
9433389,AASVIK,2025-04-28T21:31:00,0,4496,BLUMENTHAL,Fully Laden
9433389,AASVIK,2025-04-28T21:16:00,1,467,BREMEN,Fully Laden
9433389,AASVIK,2025-04-28T03:42:00,0,467,BREMEN,In Ballast
9433389,AASVIK,2025-04-28T03:27:00,1,4496,BLUMENTHAL,In Ballast
9433389,AASVIK,2025-04-28T03:07:00,0,4496,BLUMENTHAL,In Ballast
9433389,AASVIK,2025-04-28T01:27:00,1,174,BREMERHAVEN,In Ballast
9433389,AASVIK,2025-04-28T00:46:00,0,174,BREMERHAVEN,In Ballast
9433389,AASVIK,2025-04-27T21:21:00,1,389,WILHELMSHAVEN,In Ballast
9433389,AASVIK,2025-04-27T06:03:00,0,389,WILHELMSHAVEN,Fully Laden
9433389,AASVIK,2025-04-26T04:18:00,1,17488,REKEFJORD,Fully Laden
9433389,AASVIK,2025-04-25T13:09:00,0,17488,REKEFJORD,In Ballast
9433389,AASVIK,2025-04-24T06:38:00,1,25400,SOUTHWOLD ANCH,In Ballast
9433389,AASVIK,2025-04-24T04:07:00,0,25400,SOUTHWOLD ANCH,In Ballast
9433389,AASVIK,2025-04-23T20:29:00,1,1711,PURFLEET,In Ballast
9433389,AASVIK,2025-04-23T05:36:00,0,1711,PURFLEET,Fully Laden
9433389,AASVIK,2025-04-22T17:36:00,1,20116,DUNKIRK EAST,Fully Laden
9433389,AASVIK,2025-04-21T16:22:00,0,20116,DUNKIRK EAST,In Ballast
9433389,AASVIK,2025-04-21T07:05:00,1,1711,PURFLEET,In Ballast
9433389,AASVIK,2025-04-20T12:50:00,0,1711,PURFLEET,Fully Laden
9433389,AASVIK,2025-04-19T17:32:00,1,133,TERNEUZEN,Fully Laden
9433389,AASVIK,2025-04-19T16:07:00,0,133,TERNEUZEN,Fully Laden
9433389,AASVIK,2025-04-19T16:06:00,1,1422,SLUISKIL,Fully Laden
9433389,AASVIK,2025-04-19T15:49:00,0,1422,SLUISKIL,Fully Laden
9433389,AASVIK,2025-04-19T15:44:00,1,1423,SAS VAN GENT,Fully Laden
9433389,AASVIK,2025-04-19T15:35:00,0,1423,SAS VAN GENT,Fully Laden
9433389,AASVIK,2025-04-19T15:34:00,1,18807,ZELZATE,Fully Laden
9433389,AASVIK,2025-04-19T15:23:00,0,18807,ZELZATE,Fully Laden
9433389,AASVIK,2025-04-19T15:22:00,1,122,GHENT,Fully Laden
9433389,AASVIK,2025-04-19T01:00:00,0,122,GHENT,In Ballast
9433389,AASVIK,2025-04-19T00:59:00,1,18807,ZELZATE,In Ballast
9433389,AASVIK,2025-04-19T00:49:00,0,18807,ZELZATE,In Ballast
9433389,AASVIK,2025-04-19T00:48:00,1,1423,SAS VAN GENT,In Ballast
9433389,AASVIK,2025-04-19T00:35:00,0,1423,SAS VAN GENT,In Ballast
9433389,AASVIK,2025-04-19T00:30:00,1,1422,SLUISKIL,In Ballast
9433389,AASVIK,2025-04-19T00:15:00,0,1422,SLUISKIL,In Ballast
9433389,AASVIK,2025-04-19T00:14:00,1,133,TERNEUZEN,In Ballast
9433389,AASVIK,2025-04-18T22:26:00,0,133,TERNEUZEN,In Ballast
9433389,AASVIK,2025-04-18T12:27:00,1,2039,ROTTERDAM WAALHAVEN,In Ballast
9433389,AASVIK,2025-04-16T22:33:00,0,2039,ROTTERDAM WAALHAVEN,Fully Laden
9433389,AASVIK,2025-04-14T19:59:00,1,430,SWANSEA,Fully Laden
9433389,AASVIK,2025-04-12T17:36:00,0,430,SWANSEA,In Ballast
9433389,AASVIK,2025-04-11T18:38:00,1,410,BELFAST,In Ballast
9433389,AASVIK,2025-04-10T10:19:00,0,410,BELFAST,Fully Laden
9433389,AASVIK,2025-04-08T01:04:00,1,133,TERNEUZEN,Fully Laden
9433389,AASVIK,2025-04-07T23:51:00,0,133,TERNEUZEN,Fully Laden
9433389,AASVIK,2025-04-07T23:50:00,1,1422,SLUISKIL,Fully Laden
9433389,AASVIK,2025-04-07T23:31:00,0,1422,SLUISKIL,Fully Laden
9433389,AASVIK,2025-04-07T23:26:00,1,1423,SAS VAN GENT,Fully Laden
9433389,AASVIK,2025-04-07T23:14:00,0,1423,SAS VAN GENT,Fully Laden
9433389,AASVIK,2025-04-07T23:13:00,1,18807,ZELZATE,Fully Laden
9433389,AASVIK,2025-04-07T23:01:00,0,18807,ZELZATE,Fully Laden
9433389,AASVIK,2025-04-07T23:00:00,1,122,GHENT,Fully Laden
9433389,AASVIK,2025-04-05T20:23:00,0,122,GHENT,In Ballast
9433389,AASVIK,2025-04-05T20:22:00,1,18807,ZELZATE,In Ballast
9433389,AASVIK,2025-04-05T20:10:00,0,18807,ZELZATE,In Ballast
9433389,AASVIK,2025-04-05T20:09:00,1,1423,SAS VAN GENT,In Ballast
9433389,AASVIK,2025-04-05T19:56:00,0,1423,SAS VAN GENT,In Ballast
9433389,AASVIK,2025-04-05T19:51:00,1,1422,SLUISKIL,In Ballast
9433389,AASVIK,2025-04-05T19:34:00,0,1422,SLUISKIL,In Ballast
9433389,AASVIK,2025-04-05T19:33:00,1,133,TERNEUZEN,In Ballast
9433389,AASVIK,2025-04-05T18:10:00,0,133,TERNEUZEN,In Ballast
9433389,AASVIK,2025-04-05T16:01:00,1,22325,ANTWERP ANCH,In Ballast
9433389,AASVIK,2025-04-05T09:01:00,0,22325,ANTWERP ANCH,In Ballast
9433389,AASVIK,2025-04-05T02:25:00,1,179,IJMUIDEN,In Ballast
9433389,AASVIK,2025-04-03T09:49:00,0,179,IJMUIDEN,Fully Laden
9433389,AASVIK,2025-04-03T09:20:00,1,22284,AMSTERDAM ANCH,Fully Laden
9433389,AASVIK,2025-04-01T23:02:00,0,22284,AMSTERDAM ANCH,Fully Laden
9433389,AASVIK,2025-04-01T10:40:00,1,613,BOULOGNE-SUR-MER,Fully Laden
9433389,AASVIK,2025-03-31T11:52:00,0,613,BOULOGNE-SUR-MER,In Ballast
9433389,AASVIK,2025-03-31T11:51:00,1,23481,BOULOGNE ANCH,In Ballast
9433389,AASVIK,2025-03-30T09:47:00,0,23481,BOULOGNE ANCH,In Ballast
9433389,AASVIK,2025-03-29T19:15:00,1,2039,ROTTERDAM WAALHAVEN,In Ballast
9433389,AASVIK,2025-03-29T06:49:00,0,2039,ROTTERDAM WAALHAVEN,Fully Laden
9433389,AASVIK,2025-03-27T03:47:00,1,430,SWANSEA,Fully Laden
9433389,AASVIK,2025-03-25T13:53:00,0,430,SWANSEA,In Ballast
9433389,AASVIK,2025-03-25T13:15:00,1,23173,PORT TALBOT ANCH,In Ballast
9433389,AASVIK,2025-03-24T23:16:00,0,23173,PORT TALBOT ANCH,In Ballast
9433389,AASVIK,2025-03-24T01:51:00,1,129,AVONMOUTH,Fully Laden
9433389,AASVIK,2025-03-23T10:05:00,0,129,AVONMOUTH,In Ballast
9433389,AASVIK,2025-03-22T23:32:00,1,430,SWANSEA,In Ballast
9433389,AASVIK,2025-03-20T08:59:00,0,430,SWANSEA,Fully Laden
9433389,AASVIK,2025-03-18T04:46:00,1,179,IJMUIDEN,Fully Laden
9433389,AASVIK,2025-03-18T03:47:00,0,179,IJMUIDEN,Fully Laden
9433389,AASVIK,2025-03-18T03:03:00,1,1766,AMSTERDAM,Fully Laden
9433389,AASVIK,2025-03-17T15:55:00,0,1766,AMSTERDAM,In Ballast
9433389,AASVIK,2025-03-17T15:27:00,1,179,IJMUIDEN,In Ballast
9433389,AASVIK,2025-03-17T14:32:00,0,179,IJMUIDEN,In Ballast
9433389,AASVIK,2025-03-17T14:10:00,1,22284,AMSTERDAM ANCH,In Ballast
9433389,AASVIK,2025-03-16T10:32:00,0,22284,AMSTERDAM ANCH,In Ballast
9433389,AASVIK,2025-03-16T05:20:00,1,2039,ROTTERDAM WAALHAVEN,In Ballast
9433389,AASVIK,2025-03-15T09:16:00,0,2039,ROTTERDAM WAALHAVEN,Fully Laden
9433389,AASVIK,2025-03-13T04:52:00,1,430,SWANSEA,Fully Laden
9433389,AASVIK,2025-03-12T05:57:00,0,430,SWANSEA,In Ballast
9433389,AASVIK,2025-03-12T05:19:00,1,23173,PORT TALBOT ANCH,In Ballast
9433389,AASVIK,2025-03-11T19:07:00,0,23173,PORT TALBOT ANCH,In Ballast
9433389,AASVIK,2025-03-11T11:56:00,1,22759,AVONMOUTH ANCH,In Ballast
9433389,AASVIK,2025-03-10T21:45:00,0,22759,AVONMOUTH ANCH,In Ballast
9433389,AASVIK,2025-03-10T12:17:00,1,22759,AVONMOUTH ANCH,Fully Laden
9433389,AASVIK,2025-03-10T08:17:00,0,22759,AVONMOUTH ANCH,Fully Laden
9433389,AASVIK,2025-03-10T05:19:00,1,129,AVONMOUTH,Fully Laden
9433389,AASVIK,2025-03-08T10:32:00,0,129,AVONMOUTH,In Ballast
9433389,AASVIK,2025-03-07T19:32:00,1,22759,AVONMOUTH ANCH,Fully Laden
9433389,AASVIK,2025-03-07T15:35:00,0,22759,AVONMOUTH ANCH,Fully Laden
9433389,AASVIK,2025-03-07T12:10:00,1,129,AVONMOUTH,Fully Laden
9433389,AASVIK,2025-03-06T10:49:00,0,129,AVONMOUTH,In Ballast
9433389,AASVIK,2025-03-05T18:31:00,1,22759,AVONMOUTH ANCH,Fully Laden
9433389,AASVIK,2025-03-05T15:45:00,0,22759,AVONMOUTH ANCH,Fully Laden
9433389,AASVIK,2025-03-05T12:14:00,1,129,AVONMOUTH,Fully Laden
9433389,AASVIK,2025-03-03T21:27:00,0,129,AVONMOUTH,In Ballast
9433389,AASVIK,2025-03-03T18:48:00,1,130,CARDIFF,In Ballast
9433389,AASVIK,2025-03-03T08:11:00,0,130,CARDIFF,Partially Laden
9433389,AASVIK,2025-03-03T07:11:00,1,22759,AVONMOUTH ANCH,Partially Laden
9433389,AASVIK,2025-03-03T06:07:00,0,22759,AVONMOUTH ANCH,Partially Laden
9433389,AASVIK,2025-02-27T13:10:00,1,24606,GUDVANGEN,Partially Laden
9433389,AASVIK,2025-02-26T20:29:00,0,24606,GUDVANGEN,In Ballast
9433389,AASVIK,2025-02-25T16:24:00,1,19855,HOLLA,In Ballast
9433389,AASVIK,2025-02-24T12:17:00,0,19855,HOLLA,Fully Laden
9433389,AASVIK,2025-02-21T18:03:00,1,2037,ROTTERDAM MAASVLAKTE,Fully Laden
9433389,AASVIK,2025-02-20T15:48:00,0,2037,ROTTERDAM MAASVLAKTE,In Ballast
9433389,AASVIK,2025-02-20T14:27:00,1,2039,ROTTERDAM WAALHAVEN,In Ballast
9433389,AASVIK,2025-02-20T00:37:00,0,2039,ROTTERDAM WAALHAVEN,Fully Laden
9433389,AASVIK,2025-02-17T21:13:00,1,430,SWANSEA,Fully Laden
9433389,AASVIK,2025-02-15T08:11:00,0,430,SWANSEA,In Ballast
9433389,AASVIK,2025-02-14T16:04:00,1,22759,AVONMOUTH ANCH,In Ballast
9433389,AASVIK,2025-02-14T13:20:00,0,22759,AVONMOUTH ANCH,In Ballast
9433389,AASVIK,2025-02-14T04:24:00,1,22759,AVONMOUTH ANCH,Fully Laden
9433389,AASVIK,2025-02-14T00:24:00,0,22759,AVONMOUTH ANCH,Fully Laden
9433389,AASVIK,2025-02-13T21:17:00,1,129,AVONMOUTH,Fully Laden
9433389,AASVIK,2025-02-13T08:34:00,0,129,AVONMOUTH,In Ballast
9433389,AASVIK,2025-02-13T02:11:00,1,22759,AVONMOUTH ANCH,In Ballast
9433389,AASVIK,2025-02-12T11:18:00,0,22759,AVONMOUTH ANCH,In Ballast
9433389,AASVIK,2025-02-11T20:51:00,1,129,AVONMOUTH,Fully Laden
9433389,AASVIK,2025-02-11T04:20:00,0,129,AVONMOUTH,In Ballast
9433389,AASVIK,2025-02-10T19:08:00,1,130,CARDIFF,In Ballast
9433389,AASVIK,2025-02-07T13:18:00,0,130,CARDIFF,Fully Laden
9433389,AASVIK,2025-02-05T03:35:00,1,179,IJMUIDEN,Fully Laden
9433389,AASVIK,2025-02-03T19:38:00,0,179,IJMUIDEN,In Ballast
9433389,AASVIK,2025-02-03T05:42:00,1,1708,GRAVESEND,In Ballast
9433389,AASVIK,2025-02-03T05:32:00,0,1708,GRAVESEND,In Ballast
9433389,AASVIK,2025-02-03T05:10:00,1,1711,PURFLEET,In Ballast
9433389,AASVIK,2025-02-02T12:29:00,0,1711,PURFLEET,Fully Laden
9433389,AASVIK,2025-02-01T12:21:00,1,179,IJMUIDEN,Fully Laden
9433389,AASVIK,2025-02-01T11:25:00,0,179,IJMUIDEN,Fully Laden
9433389,AASVIK,2025-02-01T10:37:00,1,1766,AMSTERDAM,Fully Laden
9433389,AASVIK,2025-01-31T17:20:00,0,1766,AMSTERDAM,In Ballast
9433389,AASVIK,2025-01-31T16:44:00,1,179,IJMUIDEN,In Ballast
9433389,AASVIK,2025-01-31T15:43:00,0,179,IJMUIDEN,In Ballast
9433389,AASVIK,2025-01-31T02:00:00,1,1711,PURFLEET,In Ballast
9433389,AASVIK,2025-01-30T10:41:00,0,1711,PURFLEET,Fully Laden
9433389,AASVIK,2025-01-30T07:54:00,1,22431,LONDON ANCH,Fully Laden
9433389,AASVIK,2025-01-29T21:29:00,0,22431,LONDON ANCH,Fully Laden
9433389,AASVIK,2025-01-29T15:09:00,1,20116,DUNKIRK EAST,Fully Laden
9433389,AASVIK,2025-01-28T17:07:00,0,20116,DUNKIRK EAST,In Ballast
9433389,AASVIK,2025-01-28T07:40:00,1,25400,SOUTHWOLD ANCH,In Ballast
9433389,AASVIK,2025-01-28T06:25:00,0,25400,SOUTHWOLD ANCH,In Ballast
9433389,AASVIK,2025-01-27T21:13:00,1,147,IMMINGHAM,In Ballast
9433389,AASVIK,2025-01-27T21:00:00,0,147,IMMINGHAM,In Ballast
9433389,AASVIK,2025-01-27T20:44:00,1,146,HULL,In Ballast
9433389,AASVIK,2025-01-26T23:42:00,0,146,HULL,Fully Laden
9433389,AASVIK,2025-01-26T23:00:00,1,147,IMMINGHAM,Fully Laden
9433389,AASVIK,2025-01-26T22:41:00,0,147,IMMINGHAM,Fully Laden
9433389,AASVIK,2025-01-26T21:18:00,1,22363,IMMINGHAM ANCH,Fully Laden
9433389,AASVIK,2025-01-26T12:00:00,0,22363,IMMINGHAM ANCH,Fully Laden
9433389,AASVIK,2025-01-26T04:02:00,1,25400,SOUTHWOLD ANCH,Fully Laden
9433389,AASVIK,2025-01-26T02:25:00,0,25400,SOUTHWOLD ANCH,Fully Laden
9433389,AASVIK,2025-01-25T19:00:00,1,133,TERNEUZEN,Fully Laden
9433389,AASVIK,2025-01-25T17:54:00,0,133,TERNEUZEN,Fully Laden
9433389,AASVIK,2025-01-25T17:53:00,1,1422,SLUISKIL,Fully Laden
9433389,AASVIK,2025-01-25T17:30:00,0,1422,SLUISKIL,Fully Laden
9433389,AASVIK,2025-01-25T17:24:00,1,1423,SAS VAN GENT,Fully Laden
9433389,AASVIK,2025-01-25T17:12:00,0,1423,SAS VAN GENT,Fully Laden
9433389,AASVIK,2025-01-25T17:11:00,1,18807,ZELZATE,Fully Laden
9433389,AASVIK,2025-01-25T16:58:00,0,18807,ZELZATE,Fully Laden
9433389,AASVIK,2025-01-25T16:57:00,1,122,GHENT,Fully Laden
9433389,AASVIK,2025-01-24T15:28:00,0,122,GHENT,In Ballast
9433389,AASVIK,2025-01-24T15:27:00,1,18807,ZELZATE,In Ballast
9433389,AASVIK,2025-01-24T15:16:00,0,18807,ZELZATE,In Ballast
9433389,AASVIK,2025-01-24T15:15:00,1,1423,SAS VAN GENT,In Ballast
9433389,AASVIK,2025-01-24T15:03:00,0,1423,SAS VAN GENT,In Ballast
9433389,AASVIK,2025-01-24T14:55:00,1,1422,SLUISKIL,In Ballast
9433389,AASVIK,2025-01-24T14:37:00,0,1422,SLUISKIL,In Ballast
9433389,AASVIK,2025-01-24T14:36:00,1,133,TERNEUZEN,In Ballast
9433389,AASVIK,2025-01-24T12:43:00,0,133,TERNEUZEN,In Ballast
9433389,AASVIK,2025-01-24T09:14:00,1,22325,ANTWERP ANCH,In Ballast
9433389,AASVIK,2025-01-21T06:55:00,0,22325,ANTWERP ANCH,In Ballast
9433389,AASVIK,2025-01-21T01:10:00,1,154,DOVER,In Ballast
9433389,AASVIK,2025-01-20T09:19:00,0,154,DOVER,Fully Laden
9433389,AASVIK,2025-01-20T02:54:00,1,25400,SOUTHWOLD ANCH,Fully Laden
9433389,AASVIK,2025-01-20T00:55:00,0,25400,SOUTHWOLD ANCH,Fully Laden
9433389,AASVIK,2025-01-18T04:24:00,1,144,BERGEN,Fully Laden
9433389,AASVIK,2025-01-18T02:36:00,0,144,BERGEN,Fully Laden
9433389,AASVIK,2025-01-17T23:22:00,1,20506,EIKEFET,Fully Laden
9433389,AASVIK,2025-01-17T08:41:00,0,20506,EIKEFET,In Ballast
9433389,AASVIK,2025-01-16T02:26:00,1,19855,HOLLA,In Ballast
9433389,AASVIK,2025-01-15T06:57:00,0,19855,HOLLA,Fully Laden
9433389,AASVIK,2025-01-12T13:10:00,1,25400,SOUTHWOLD ANCH,Fully Laden
9433389,AASVIK,2025-01-12T11:16:00,0,25400,SOUTHWOLD ANCH,Fully Laden
9433389,AASVIK,2025-01-09T16:34:00,1,17441,AVILES,Fully Laden
9433389,AASVIK,2025-01-08T11:40:00,0,17441,AVILES,In Ballast
9433389,AASVIK,2025-01-04T17:08:00,1,177,EEMSHAVEN,In Ballast
9433389,AASVIK,2025-01-03T16:31:00,0,177,EEMSHAVEN,Fully Laden
9433389,AASVIK,2025-01-02T11:38:00,1,17488,REKEFJORD,Fully Laden
9433389,AASVIK,2024-12-31T12:36:00,0,17488,REKEFJORD,In Ballast
9433389,AASVIK,2024-12-30T07:40:00,1,365,NAKSKOV,In Ballast
9433389,AASVIK,2024-12-29T08:34:00,0,365,NAKSKOV,Fully Laden
9433389,AASVIK,2024-12-29T08:33:00,1,9365,HESTEHOVED,Fully Laden
9433389,AASVIK,2024-12-29T08:24:00,0,9365,HESTEHOVED,Fully Laden
9433389,AASVIK,2024-12-29T07:38:00,1,23247,NAKSKOV ANCH,Fully Laden
9433389,AASVIK,2024-12-28T14:40:00,0,23247,NAKSKOV ANCH,Fully Laden
9433389,AASVIK,2024-12-27T02:37:00,1,4827,JELSA,Fully Laden
9433389,AASVIK,2024-12-25T08:06:00,0,4827,JELSA,In Ballast
9433389,AASVIK,2024-12-25T04:44:00,1,1653,STORASUND,In Ballast
9433389,AASVIK,2024-12-24T21:43:00,0,1653,STORASUND,In Ballast
9433389,AASVIK,2024-12-22T17:25:00,1,22685,GLASGOW ANCH,In Ballast
9433389,AASVIK,2024-12-22T01:29:00,0,22685,GLASGOW ANCH,In Ballast
9433389,AASVIK,2024-12-22T00:46:00,1,84,CLYDEPORT GREENOCK,In Ballast
9433389,AASVIK,2024-12-22T00:33:00,0,84,CLYDEPORT GREENOCK,In Ballast
9433389,AASVIK,2024-12-21T23:27:00,1,226,GLASGOW,In Ballast
9433389,AASVIK,2024-12-21T00:54:00,0,226,GLASGOW,Fully Laden
9433389,AASVIK,2024-12-20T23:52:00,1,84,CLYDEPORT GREENOCK,Fully Laden
9433389,AASVIK,2024-12-20T23:37:00,0,84,CLYDEPORT GREENOCK,Fully Laden
9433389,AASVIK,2024-12-20T11:28:00,1,21592,KILROOT,Fully Laden
9433389,AASVIK,2024-12-19T15:26:00,0,21592,KILROOT,In Ballast
9433389,AASVIK,2024-12-19T08:44:00,1,84,CLYDEPORT GREENOCK,In Ballast
9433389,AASVIK,2024-12-19T08:29:00,0,84,CLYDEPORT GREENOCK,In Ballast
9433389,AASVIK,2024-12-19T07:25:00,1,226,GLASGOW,In Ballast
9433389,AASVIK,2024-12-18T13:31:00,0,226,GLASGOW,Fully Laden
9433389,AASVIK,2024-12-18T12:30:00,1,84,CLYDEPORT GREENOCK,Fully Laden
9433389,AASVIK,2024-12-18T12:11:00,0,84,CLYDEPORT GREENOCK,Fully Laden
9433389,AASVIK,2024-12-18T12:10:00,1,22685,GLASGOW ANCH,Fully Laden
9433389,AASVIK,2024-12-18T00:17:00,0,22685,GLASGOW ANCH,Fully Laden
9433389,AASVIK,2024-12-17T16:45:00,1,21592,KILROOT,Fully Laden
9433389,AASVIK,2024-12-17T06:14:00,0,21592,KILROOT,In Ballast
9433389,AASVIK,2024-12-17T05:59:00,1,22343,BELFAST ANCH,In Ballast
9433389,AASVIK,2024-12-16T18:39:00,0,22343,BELFAST ANCH,In Ballast
9433389,AASVIK,2024-12-16T09:54:00,1,742,BARROW-IN-FURNESS,In Ballast
9433389,AASVIK,2024-12-15T10:39:00,0,742,BARROW-IN-FURNESS,Fully Laden
9433389,AASVIK,2024-12-14T05:12:00,1,20556,GLENSANDA,Fully Laden
9433389,AASVIK,2024-12-13T17:14:00,0,20556,GLENSANDA,In Ballast
9433389,AASVIK,2024-12-13T15:58:00,1,24233,OBAN ANCH,In Ballast
9433389,AASVIK,2024-12-12T11:22:00,0,24233,OBAN ANCH,In Ballast
9433389,AASVIK,2024-12-12T01:07:00,1,741,LONDONDERRY,In Ballast
9433389,AASVIK,2024-12-10T05:18:00,0,741,LONDONDERRY,Fully Laden
9433389,AASVIK,2024-12-06T16:01:00,1,2407,VLISSINGEN,Fully Laden
9433389,AASVIK,2024-12-05T11:49:00,0,2407,VLISSINGEN,In Ballast
9433389,AASVIK,2024-12-05T09:14:00,1,22325,ANTWERP ANCH,In Ballast
9433389,AASVIK,2024-12-04T22:12:00,0,22325,ANTWERP ANCH,In Ballast
9433389,AASVIK,2024-12-04T15:32:00,1,1711,PURFLEET,In Ballast
9433389,AASVIK,2024-12-03T10:00:00,0,1711,PURFLEET,Fully Laden
9433389,AASVIK,2024-12-02T23:18:00,1,20116,DUNKIRK EAST,Fully Laden
9433389,AASVIK,2024-12-01T22:26:00,0,20116,DUNKIRK EAST,In Ballast
9433389,AASVIK,2024-12-01T15:11:00,1,25400,SOUTHWOLD ANCH,In Ballast
9433389,AASVIK,2024-12-01T13:37:00,0,25400,SOUTHWOLD ANCH,In Ballast
9433389,AASVIK,2024-11-30T22:26:00,1,149,TEES,In Ballast
9433389,AASVIK,2024-11-30T10:21:00,0,149,TEES,Fully Laden
9433389,AASVIK,2024-11-29T01:34:00,1,174,BREMERHAVEN,Fully Laden
9433389,AASVIK,2024-11-29T00:57:00,0,174,BREMERHAVEN,Fully Laden
9433389,AASVIK,2024-11-28T23:22:00,1,4496,BLUMENTHAL,Fully Laden
9433389,AASVIK,2024-11-28T23:00:00,0,4496,BLUMENTHAL,Fully Laden
9433389,AASVIK,2024-11-28T22:46:00,1,467,BREMEN,Fully Laden
9433389,AASVIK,2024-11-27T23:17:00,0,467,BREMEN,In Ballast
9433389,AASVIK,2024-11-27T22:58:00,1,4496,BLUMENTHAL,In Ballast
9433389,AASVIK,2024-11-27T22:36:00,0,4496,BLUMENTHAL,In Ballast
9433389,AASVIK,2024-11-27T20:51:00,1,174,BREMERHAVEN,In Ballast
9433389,AASVIK,2024-11-27T20:10:00,0,174,BREMERHAVEN,In Ballast
9433389,AASVIK,2024-11-26T14:45:00,1,1711,PURFLEET,In Ballast
9433389,AASVIK,2024-11-24T18:34:00,0,1711,PURFLEET,Fully Laden
9433389,AASVIK,2024-11-23T19:14:00,1,179,IJMUIDEN,Fully Laden
9433389,AASVIK,2024-11-23T18:00:00,0,179,IJMUIDEN,Fully Laden
9433389,AASVIK,2024-11-23T17:27:00,1,1766,AMSTERDAM,Fully Laden
9433389,AASVIK,2024-11-22T22:30:00,0,1766,AMSTERDAM,In Ballast
9433389,AASVIK,2024-11-22T22:00:00,1,179,IJMUIDEN,In Ballast
9433389,AASVIK,2024-11-22T20:55:00,0,179,IJMUIDEN,In Ballast
9904766,AASFJELL,2025-05-17T18:41:00,1,18915,RAFNES,In Ballast
9904766,AASFJELL,2025-05-16T17:49:00,0,18915,RAFNES,Fully Laden
9904766,AASFJELL,2025-05-14T21:34:00,1,176,DELFZIJL,Fully Laden
9904766,AASFJELL,2025-05-13T15:23:00,0,176,DELFZIJL,In Ballast
9904766,AASFJELL,2025-05-13T05:34:00,1,389,WILHELMSHAVEN,In Ballast
9904766,AASFJELL,2025-05-12T07:04:00,0,389,WILHELMSHAVEN,Fully Laden
9904766,AASFJELL,2025-05-10T05:17:00,1,17488,REKEFJORD,Fully Laden
9904766,AASFJELL,2025-05-08T14:46:00,0,17488,REKEFJORD,In Ballast
9904766,AASFJELL,2025-05-06T21:22:00,1,1660,SWINOUJSCIE,In Ballast
9904766,AASFJELL,2025-05-06T20:44:00,0,1660,SWINOUJSCIE,In Ballast
9904766,AASFJELL,2025-05-06T18:34:00,1,22820,PORT MORSKI POLICE,In Ballast
9904766,AASFJELL,2025-05-04T12:06:00,0,22820,PORT MORSKI POLICE,Partially Laden
9904766,AASFJELL,2025-05-04T09:46:00,1,1660,SWINOUJSCIE,Partially Laden
9904766,AASFJELL,2025-05-04T09:10:00,0,1660,SWINOUJSCIE,Partially Laden
9904766,AASFJELL,2025-05-02T16:50:00,1,25462,JOSSINGFJORD,Partially Laden
9904766,AASFJELL,2025-05-01T08:22:00,0,25462,JOSSINGFJORD,In Ballast
9904766,AASFJELL,2025-04-30T17:52:00,1,18915,RAFNES,In Ballast
9904766,AASFJELL,2025-04-29T17:11:00,0,18915,RAFNES,Fully Laden
9904766,AASFJELL,2025-04-29T17:10:00,1,20664,FRIERFJORDEN ANCH,Fully Laden
9904766,AASFJELL,2025-04-29T16:50:00,0,20664,FRIERFJORDEN ANCH,Fully Laden
9904766,AASFJELL,2025-04-25T19:27:00,1,176,DELFZIJL,Fully Laden
9904766,AASFJELL,2025-04-24T16:34:00,0,176,DELFZIJL,In Ballast
9904766,AASFJELL,2025-04-23T06:56:00,1,18915,RAFNES,In Ballast
9904766,AASFJELL,2025-04-22T06:25:00,0,18915,RAFNES,Fully Laden
9904766,AASFJELL,2025-04-20T13:41:00,1,176,DELFZIJL,Fully Laden
9904766,AASFJELL,2025-04-19T06:32:00,0,176,DELFZIJL,In Ballast
9904766,AASFJELL,2025-04-17T15:41:00,1,18915,RAFNES,In Ballast
9904766,AASFJELL,2025-04-16T13:23:00,0,18915,RAFNES,Fully Laden
9904766,AASFJELL,2025-04-14T20:52:00,1,176,DELFZIJL,Fully Laden
9904766,AASFJELL,2025-04-13T16:23:00,0,176,DELFZIJL,In Ballast
9904766,AASFJELL,2025-04-11T21:43:00,1,18915,RAFNES,In Ballast
9904766,AASFJELL,2025-04-10T18:10:00,0,18915,RAFNES,Fully Laden
9904766,AASFJELL,2025-04-10T18:09:00,1,20664,FRIERFJORDEN ANCH,Fully Laden
9904766,AASFJELL,2025-04-10T18:03:00,0,20664,FRIERFJORDEN ANCH,Fully Laden
9904766,AASFJELL,2025-04-10T17:52:00,1,25539,SKIEN,Fully Laden
9904766,AASFJELL,2025-04-09T22:01:00,0,25539,SKIEN,Fully Laden
9904766,AASFJELL,2025-04-08T06:31:00,1,176,DELFZIJL,Fully Laden
9904766,AASFJELL,2025-04-07T05:36:00,0,176,DELFZIJL,In Ballast
9904766,AASFJELL,2025-04-05T18:50:00,1,18915,RAFNES,In Ballast
9904766,AASFJELL,2025-04-04T17:26:00,0,18915,RAFNES,Fully Laden
9904766,AASFJELL,2025-04-03T02:30:00,1,176,DELFZIJL,Fully Laden
9904766,AASFJELL,2025-03-31T15:27:00,0,176,DELFZIJL,In Ballast
9904766,AASFJELL,2025-03-29T23:45:00,1,18915,RAFNES,In Ballast
9904766,AASFJELL,2025-03-28T23:04:00,0,18915,RAFNES,Fully Laden
9904766,AASFJELL,2025-03-27T08:59:00,1,176,DELFZIJL,Fully Laden
9904766,AASFJELL,2025-03-26T09:17:00,0,176,DELFZIJL,In Ballast
9904766,AASFJELL,2025-03-24T20:03:00,1,18915,RAFNES,In Ballast
9904766,AASFJELL,2025-03-23T18:49:00,0,18915,RAFNES,Fully Laden
9904766,AASFJELL,2025-03-23T18:46:00,1,20664,FRIERFJORDEN ANCH,Fully Laden
9904766,AASFJELL,2025-03-23T18:37:00,0,20664,FRIERFJORDEN ANCH,Fully Laden
9904766,AASFJELL,2025-03-20T23:37:00,1,176,DELFZIJL,Fully Laden
9904766,AASFJELL,2025-03-19T21:14:00,0,176,DELFZIJL,In Ballast
9904766,AASFJELL,2025-03-18T07:16:00,1,18915,RAFNES,In Ballast
9904766,AASFJELL,2025-03-17T04:46:00,0,18915,RAFNES,Fully Laden
9904766,AASFJELL,2025-03-15T09:29:00,1,176,DELFZIJL,Fully Laden
9904766,AASFJELL,2025-03-14T08:26:00,0,176,DELFZIJL,In Ballast
9904766,AASFJELL,2025-03-12T19:40:00,1,18915,RAFNES,In Ballast
9904766,AASFJELL,2025-03-11T15:20:00,0,18915,RAFNES,Fully Laden
9904766,AASFJELL,2025-03-11T15:19:00,1,20664,FRIERFJORDEN ANCH,Fully Laden
9904766,AASFJELL,2025-03-11T14:24:00,0,20664,FRIERFJORDEN ANCH,Fully Laden
9904766,AASFJELL,2025-03-09T18:28:00,1,176,DELFZIJL,Fully Laden
9904766,AASFJELL,2025-03-08T21:39:00,0,176,DELFZIJL,In Ballast
9904766,AASFJELL,2025-03-07T08:54:00,1,18915,RAFNES,In Ballast
9904766,AASFJELL,2025-03-06T06:54:00,0,18915,RAFNES,Fully Laden
9904766,AASFJELL,2025-03-03T22:36:00,1,176,DELFZIJL,Fully Laden
9904766,AASFJELL,2025-03-02T18:17:00,0,176,DELFZIJL,In Ballast
9904766,AASFJELL,2025-03-01T03:44:00,1,18915,RAFNES,In Ballast
9904766,AASFJELL,2025-02-28T00:49:00,0,18915,RAFNES,Fully Laden
9904766,AASFJELL,2025-02-26T08:32:00,1,176,DELFZIJL,Fully Laden
9904766,AASFJELL,2025-02-25T08:36:00,0,176,DELFZIJL,In Ballast
9904766,AASFJELL,2025-02-24T22:34:00,1,389,WILHELMSHAVEN,In Ballast
9904766,AASFJELL,2025-02-24T03:27:00,0,389,WILHELMSHAVEN,Fully Laden
9904766,AASFJELL,2025-02-22T17:07:00,1,17488,REKEFJORD,Fully Laden
9904766,AASFJELL,2025-02-21T11:08:00,0,17488,REKEFJORD,In Ballast
9904766,AASFJELL,2025-02-20T17:52:00,1,18915,RAFNES,In Ballast
9904766,AASFJELL,2025-02-18T22:54:00,0,18915,RAFNES,Fully Laden
9904766,AASFJELL,2025-02-16T23:02:00,1,176,DELFZIJL,Fully Laden
9904766,AASFJELL,2025-02-15T10:34:00,0,176,DELFZIJL,In Ballast
9904766,AASFJELL,2025-02-13T22:41:00,1,18915,RAFNES,In Ballast
9904766,AASFJELL,2025-02-12T20:39:00,0,18915,RAFNES,Fully Laden
9904766,AASFJELL,2025-02-10T20:02:00,1,176,DELFZIJL,Fully Laden
9904766,AASFJELL,2025-02-09T20:08:00,0,176,DELFZIJL,In Ballast
9904766,AASFJELL,2025-02-08T08:14:00,1,18915,RAFNES,In Ballast
9904766,AASFJELL,2025-02-07T07:15:00,0,18915,RAFNES,Fully Laden
9904766,AASFJELL,2025-02-07T07:14:00,1,20664,FRIERFJORDEN ANCH,Fully Laden
9904766,AASFJELL,2025-02-06T17:05:00,0,20664,FRIERFJORDEN ANCH,Fully Laden
9904766,AASFJELL,2025-02-05T00:21:00,1,176,DELFZIJL,Fully Laden
9904766,AASFJELL,2025-02-04T04:19:00,0,176,DELFZIJL,In Ballast
9904766,AASFJELL,2025-02-02T09:13:00,1,18915,RAFNES,In Ballast
9904766,AASFJELL,2025-02-01T08:50:00,0,18915,RAFNES,Fully Laden
9904766,AASFJELL,2025-01-30T13:25:00,1,176,DELFZIJL,Fully Laden
9904766,AASFJELL,2025-01-29T17:46:00,0,176,DELFZIJL,In Ballast
9904766,AASFJELL,2025-01-27T21:39:00,1,18915,RAFNES,In Ballast
9904766,AASFJELL,2025-01-26T19:32:00,0,18915,RAFNES,Fully Laden
9904766,AASFJELL,2025-01-26T19:31:00,1,20664,FRIERFJORDEN ANCH,Fully Laden
9904766,AASFJELL,2025-01-25T22:14:00,0,20664,FRIERFJORDEN ANCH,Fully Laden
9904766,AASFJELL,2025-01-24T05:34:00,1,176,DELFZIJL,Fully Laden
9904766,AASFJELL,2025-01-22T21:12:00,0,176,DELFZIJL,In Ballast
9904766,AASFJELL,2025-01-21T08:21:00,1,18915,RAFNES,In Ballast
9904766,AASFJELL,2025-01-20T06:33:00,0,18915,RAFNES,Fully Laden
9904766,AASFJELL,2025-01-18T13:38:00,1,176,DELFZIJL,Fully Laden
9904766,AASFJELL,2025-01-17T08:16:00,0,176,DELFZIJL,In Ballast
9904766,AASFJELL,2025-01-15T15:53:00,1,25539,SKIEN,In Ballast
9904766,AASFJELL,2025-01-14T16:42:00,0,25539,SKIEN,In Ballast
9904766,AASFJELL,2025-01-14T16:34:00,1,18915,RAFNES,In Ballast
9904766,AASFJELL,2025-01-13T09:53:00,0,18915,RAFNES,Fully Laden
9904766,AASFJELL,2025-01-11T19:35:00,1,176,DELFZIJL,Fully Laden
9904766,AASFJELL,2025-01-10T08:51:00,0,176,DELFZIJL,In Ballast
9904766,AASFJELL,2025-01-08T03:38:00,1,18915,RAFNES,In Ballast
9904766,AASFJELL,2025-01-07T01:11:00,0,18915,RAFNES,Fully Laden
9904766,AASFJELL,2025-01-05T04:30:00,1,176,DELFZIJL,Fully Laden
9904766,AASFJELL,2025-01-04T06:26:00,0,176,DELFZIJL,In Ballast
9904766,AASFJELL,2025-01-02T10:27:00,1,18915,RAFNES,In Ballast
9904766,AASFJELL,2025-01-01T08:55:00,0,18915,RAFNES,Fully Laden
9904766,AASFJELL,2024-12-30T12:28:00,1,176,DELFZIJL,Fully Laden
9904766,AASFJELL,2024-12-29T10:43:00,0,176,DELFZIJL,In Ballast
9904766,AASFJELL,2024-12-26T10:58:00,1,18915,RAFNES,In Ballast
9904766,AASFJELL,2024-12-25T09:38:00,0,18915,RAFNES,Fully Laden
9904766,AASFJELL,2024-12-23T18:01:00,1,176,DELFZIJL,Fully Laden
9904766,AASFJELL,2024-12-23T00:15:00,0,176,DELFZIJL,In Ballast
9904766,AASFJELL,2024-12-23T00:09:00,1,176,DELFZIJL,In Ballast
9904766,AASFJELL,2024-12-21T21:58:00,0,176,DELFZIJL,In Ballast
9904766,AASFJELL,2024-12-20T03:32:00,1,18915,RAFNES,In Ballast
9904766,AASFJELL,2024-12-19T02:14:00,0,18915,RAFNES,Fully Laden
9904766,AASFJELL,2024-12-17T09:33:00,1,176,DELFZIJL,Fully Laden
9904766,AASFJELL,2024-12-16T00:35:00,0,176,DELFZIJL,In Ballast
9904766,AASFJELL,2024-12-14T12:14:00,1,18915,RAFNES,In Ballast
9904766,AASFJELL,2024-12-13T09:47:00,0,18915,RAFNES,Fully Laden
9904766,AASFJELL,2024-12-13T09:46:00,1,20664,FRIERFJORDEN ANCH,Fully Laden
9904766,AASFJELL,2024-12-13T09:24:00,0,20664,FRIERFJORDEN ANCH,Fully Laden
9904766,AASFJELL,2024-12-11T16:43:00,1,176,DELFZIJL,Fully Laden
9904766,AASFJELL,2024-12-10T12:20:00,0,176,DELFZIJL,In Ballast
9904766,AASFJELL,2024-12-10T00:07:00,1,173,CUXHAVEN,In Ballast
9904766,AASFJELL,2024-12-09T06:10:00,0,173,CUXHAVEN,Fully Laden
9904766,AASFJELL,2024-12-09T03:21:00,1,20653,AUSSENELBE ANCH,Fully Laden
9904766,AASFJELL,2024-12-08T17:14:00,0,20653,AUSSENELBE ANCH,Fully Laden
9904766,AASFJELL,2024-12-07T07:47:00,1,17488,REKEFJORD,Fully Laden
9904766,AASFJELL,2024-12-06T09:20:00,0,17488,REKEFJORD,In Ballast
9904766,AASFJELL,2024-12-05T07:11:00,1,25539,SKIEN,In Ballast
9904766,AASFJELL,2024-12-04T01:16:00,0,25539,SKIEN,Fully Laden
9904766,AASFJELL,2024-12-04T01:10:00,1,18915,RAFNES,Fully Laden
9904766,AASFJELL,2024-12-02T23:00:00,0,18915,RAFNES,Fully Laden
9904766,AASFJELL,2024-12-01T09:34:00,1,176,DELFZIJL,Fully Laden
9904766,AASFJELL,2024-11-30T08:34:00,0,176,DELFZIJL,In Ballast
9904766,AASFJELL,2024-11-28T16:47:00,1,18915,RAFNES,In Ballast
9904766,AASFJELL,2024-11-27T14:25:00,0,18915,RAFNES,Fully Laden
9904766,AASFJELL,2024-11-25T20:02:00,1,176,DELFZIJL,Fully Laden
9904766,AASFJELL,2024-11-24T21:41:00,0,176,DELFZIJL,In Ballast
9904766,AASFJELL,2024-11-22T17:02:00,1,18915,RAFNES,In Ballast
9904869,AASFOSS,2025-05-18T18:44:00,1,195,IPSWICH,In Ballast
9904869,AASFOSS,2025-05-18T02:06:00,0,195,IPSWICH,Fully Laden
9904869,AASFOSS,2025-05-17T22:21:00,1,25400,SOUTHWOLD ANCH,Fully Laden
9904869,AASFOSS,2025-05-17T19:56:00,0,25400,SOUTHWOLD ANCH,Fully Laden
9904869,AASFOSS,2025-05-13T10:09:00,1,19855,HOLLA,In Ballast
9904869,AASFOSS,2025-05-12T04:08:00,0,19855,HOLLA,Fully Laden
9904869,AASFOSS,2025-05-08T16:12:00,1,1826,DORDRECHT,Fully Laden
9904869,AASFOSS,2025-05-07T13:24:00,0,1826,DORDRECHT,In Ballast
9904869,AASFOSS,2025-05-07T12:12:00,1,2033,ROTTERDAM BOTLEK,In Ballast
9904869,AASFOSS,2025-05-07T11:51:00,0,2033,ROTTERDAM BOTLEK,In Ballast
9904869,AASFOSS,2025-05-07T10:13:00,1,22307,ROTTERDAM ANCH,In Ballast
9904869,AASFOSS,2025-05-05T06:43:00,0,22307,ROTTERDAM ANCH,In Ballast
9904869,AASFOSS,2025-05-04T17:06:00,1,1711,PURFLEET,In Ballast
9904869,AASFOSS,2025-05-03T01:41:00,0,1711,PURFLEET,Fully Laden
9904869,AASFOSS,2025-05-02T08:54:00,1,179,IJMUIDEN,Fully Laden
9904869,AASFOSS,2025-05-02T07:48:00,0,179,IJMUIDEN,Fully Laden
9904869,AASFOSS,2025-05-02T07:16:00,1,1766,AMSTERDAM,Fully Laden
9904869,AASFOSS,2025-04-30T12:23:00,0,1766,AMSTERDAM,In Ballast
9904869,AASFOSS,2025-04-30T11:51:00,1,179,IJMUIDEN,In Ballast
9904869,AASFOSS,2025-04-30T10:48:00,0,179,IJMUIDEN,In Ballast
9904869,AASFOSS,2025-04-30T10:19:00,1,22284,AMSTERDAM ANCH,In Ballast
9904869,AASFOSS,2025-04-30T04:45:00,0,22284,AMSTERDAM ANCH,In Ballast
9904869,AASFOSS,2025-04-29T17:27:00,1,195,IPSWICH,In Ballast
9904869,AASFOSS,2025-04-28T22:32:00,0,195,IPSWICH,Fully Laden
9904869,AASFOSS,2025-04-28T19:23:00,1,25400,SOUTHWOLD ANCH,Fully Laden
9904869,AASFOSS,2025-04-28T17:27:00,0,25400,SOUTHWOLD ANCH,Fully Laden
9904869,AASFOSS,2025-04-24T21:49:00,1,19855,HOLLA,In Ballast
9904869,AASFOSS,2025-04-23T20:15:00,0,19855,HOLLA,Fully Laden
9904869,AASFOSS,2025-04-20T18:51:00,1,25400,SOUTHWOLD ANCH,Fully Laden
9904869,AASFOSS,2025-04-20T18:10:00,0,25400,SOUTHWOLD ANCH,Fully Laden
9904869,AASFOSS,2025-04-17T19:58:00,1,17444,BORDEAUX,Fully Laden
9904869,AASFOSS,2025-04-16T04:29:00,0,17444,BORDEAUX,In Ballast
9904869,AASFOSS,2025-04-13T14:58:00,1,195,IPSWICH,In Ballast
9904869,AASFOSS,2025-04-12T22:25:00,0,195,IPSWICH,Fully Laden
9904869,AASFOSS,2025-04-12T19:19:00,1,25400,SOUTHWOLD ANCH,Fully Laden
9904869,AASFOSS,2025-04-12T17:22:00,0,25400,SOUTHWOLD ANCH,Fully Laden
9904869,AASFOSS,2025-04-10T18:39:00,1,822,AAGOTNES,Fully Laden
9904869,AASFOSS,2025-04-10T10:07:00,0,822,AAGOTNES,Fully Laden
9904869,AASFOSS,2025-04-10T07:23:00,1,20506,EIKEFET,Fully Laden
9904869,AASFOSS,2025-04-09T18:47:00,0,20506,EIKEFET,In Ballast
9904869,AASFOSS,2025-04-08T13:41:00,1,376,THYBORON,In Ballast
9904869,AASFOSS,2025-04-08T13:26:00,0,376,THYBORON,In Ballast
9904869,AASFOSS,2025-04-06T10:34:00,1,20506,EIKEFET,Fully Laden
9904869,AASFOSS,2025-04-05T13:46:00,0,20506,EIKEFET,In Ballast
9904869,AASFOSS,2025-04-04T14:30:00,1,19855,HOLLA,In Ballast
9904869,AASFOSS,2025-04-03T12:29:00,0,19855,HOLLA,Fully Laden
9904869,AASFOSS,2025-03-31T14:37:00,1,25400,SOUTHWOLD ANCH,Fully Laden
9904869,AASFOSS,2025-03-31T13:52:00,0,25400,SOUTHWOLD ANCH,Fully Laden
9904869,AASFOSS,2025-03-28T17:14:00,1,17441,AVILES,Fully Laden
9904869,AASFOSS,2025-03-27T20:21:00,0,17441,AVILES,In Ballast
9904869,AASFOSS,2025-03-25T12:18:00,1,195,IPSWICH,In Ballast
9904869,AASFOSS,2025-03-24T18:32:00,0,195,IPSWICH,Fully Laden
9904869,AASFOSS,2025-03-24T16:54:00,1,22699,HARWICH ANCH,Fully Laden
9904869,AASFOSS,2025-03-24T04:00:00,0,22699,HARWICH ANCH,Fully Laden
9904869,AASFOSS,2025-03-24T02:10:00,1,25400,SOUTHWOLD ANCH,Fully Laden
9904869,AASFOSS,2025-03-23T23:43:00,0,25400,SOUTHWOLD ANCH,Fully Laden
9904869,AASFOSS,2025-03-21T17:49:00,1,753,KRAGERO,Fully Laden
9904869,AASFOSS,2025-03-20T16:47:00,0,753,KRAGERO,In Ballast
9904869,AASFOSS,2025-03-18T22:00:00,1,146,HULL,In Ballast
9904869,AASFOSS,2025-03-17T18:45:00,0,146,HULL,Fully Laden
9904869,AASFOSS,2025-03-17T18:04:00,1,147,IMMINGHAM,Fully Laden
9904869,AASFOSS,2025-03-17T17:50:00,0,147,IMMINGHAM,Fully Laden
9904869,AASFOSS,2025-03-17T02:19:00,1,25400,SOUTHWOLD ANCH,Fully Laden
9904869,AASFOSS,2025-03-17T00:43:00,0,25400,SOUTHWOLD ANCH,Fully Laden
9904869,AASFOSS,2025-03-16T15:57:00,1,133,TERNEUZEN,Fully Laden
9904869,AASFOSS,2025-03-16T14:21:00,0,133,TERNEUZEN,Fully Laden
9904869,AASFOSS,2025-03-16T14:20:00,1,1422,SLUISKIL,Fully Laden
9904869,AASFOSS,2025-03-16T14:02:00,0,1422,SLUISKIL,Fully Laden
9904869,AASFOSS,2025-03-16T13:57:00,1,1423,SAS VAN GENT,Fully Laden
9904869,AASFOSS,2025-03-16T13:41:00,0,1423,SAS VAN GENT,Fully Laden
9904869,AASFOSS,2025-03-16T13:40:00,1,18807,ZELZATE,Fully Laden
9904869,AASFOSS,2025-03-16T13:26:00,0,18807,ZELZATE,Partially Laden
9904869,AASFOSS,2025-03-16T13:25:00,1,122,GHENT,Partially Laden
9904869,AASFOSS,2025-03-15T19:39:00,0,122,GHENT,In Ballast
9904869,AASFOSS,2025-03-15T19:38:00,1,18807,ZELZATE,In Ballast
9904869,AASFOSS,2025-03-15T19:25:00,0,18807,ZELZATE,In Ballast
9904869,AASFOSS,2025-03-15T19:24:00,1,1423,SAS VAN GENT,In Ballast
9904869,AASFOSS,2025-03-15T19:07:00,0,1423,SAS VAN GENT,In Ballast
9904869,AASFOSS,2025-03-15T19:01:00,1,1422,SLUISKIL,In Ballast
9904869,AASFOSS,2025-03-15T18:42:00,0,1422,SLUISKIL,In Ballast
9904869,AASFOSS,2025-03-15T18:41:00,1,133,TERNEUZEN,In Ballast
9904869,AASFOSS,2025-03-15T16:47:00,0,133,TERNEUZEN,In Ballast
9904869,AASFOSS,2025-03-15T12:57:00,1,22325,ANTWERP ANCH,In Ballast
9904869,AASFOSS,2025-03-15T02:48:00,0,22325,ANTWERP ANCH,In Ballast
9904869,AASFOSS,2025-03-14T15:46:00,1,195,IPSWICH,In Ballast
9904869,AASFOSS,2025-03-13T23:44:00,0,195,IPSWICH,Fully Laden
9904869,AASFOSS,2025-03-13T19:17:00,1,25400,SOUTHWOLD ANCH,Fully Laden
9904869,AASFOSS,2025-03-13T16:39:00,0,25400,SOUTHWOLD ANCH,Fully Laden
9904869,AASFOSS,2025-03-11T08:58:00,1,20506,EIKEFET,Fully Laden
9904869,AASFOSS,2025-03-10T16:30:00,0,20506,EIKEFET,In Ballast
9904869,AASFOSS,2025-03-09T05:43:00,1,19855,HOLLA,In Ballast
9904869,AASFOSS,2025-03-08T05:39:00,0,19855,HOLLA,Fully Laden
9904869,AASFOSS,2025-03-01T20:38:00,1,17444,BORDEAUX,Fully Laden
9904869,AASFOSS,2025-03-01T03:31:00,0,17444,BORDEAUX,In Ballast
9904869,AASFOSS,2025-02-26T18:35:00,1,1240,NEWPORT,In Ballast
9904869,AASFOSS,2025-02-24T02:55:00,0,1240,NEWPORT,Fully Laden
9904869,AASFOSS,2025-02-24T00:32:00,1,22759,AVONMOUTH ANCH,Fully Laden
9904869,AASFOSS,2025-02-23T03:47:00,0,22759,AVONMOUTH ANCH,Fully Laden
9904869,AASFOSS,2025-02-20T12:38:00,1,179,IJMUIDEN,Fully Laden
9904869,AASFOSS,2025-02-16T14:39:00,0,179,IJMUIDEN,In Ballast
9904869,AASFOSS,2025-02-16T14:12:00,1,22284,AMSTERDAM ANCH,In Ballast
9904869,AASFOSS,2025-02-15T05:28:00,0,22284,AMSTERDAM ANCH,In Ballast
9904869,AASFOSS,2025-02-14T17:13:00,1,199,FELIXSTOWE,In Ballast
9904869,AASFOSS,2025-02-14T16:59:00,0,199,FELIXSTOWE,In Ballast
9904869,AASFOSS,2025-02-14T16:11:00,1,195,IPSWICH,In Ballast
9904869,AASFOSS,2025-02-14T00:38:00,0,195,IPSWICH,Fully Laden
9904869,AASFOSS,2025-02-13T23:20:00,1,22699,HARWICH ANCH,Fully Laden
9904869,AASFOSS,2025-02-13T22:35:00,0,22699,HARWICH ANCH,Fully Laden
9904869,AASFOSS,2025-02-13T19:35:00,1,25400,SOUTHWOLD ANCH,Fully Laden
9904869,AASFOSS,2025-02-13T16:58:00,0,25400,SOUTHWOLD ANCH,Fully Laden
9904869,AASFOSS,2025-02-09T19:48:00,1,19855,HOLLA,In Ballast
9904869,AASFOSS,2025-02-08T12:55:00,0,19855,HOLLA,Fully Laden
9904869,AASFOSS,2025-02-02T09:25:00,1,17444,BORDEAUX,Fully Laden
9904869,AASFOSS,2025-01-31T05:43:00,0,17444,BORDEAUX,In Ballast
9904869,AASFOSS,2025-01-25T15:43:00,1,389,WILHELMSHAVEN,In Ballast
9904869,AASFOSS,2025-01-24T20:25:00,0,389,WILHELMSHAVEN,Fully Laden
9904869,AASFOSS,2025-01-23T12:35:00,1,17488,REKEFJORD,Fully Laden
9904869,AASFOSS,2025-01-22T07:49:00,0,17488,REKEFJORD,In Ballast
9904869,AASFOSS,2025-01-20T10:21:00,1,19855,HOLLA,In Ballast
9904869,AASFOSS,2025-01-18T23:34:00,0,19855,HOLLA,Fully Laden
9904869,AASFOSS,2025-01-15T23:01:00,1,2037,ROTTERDAM MAASVLAKTE,Fully Laden
9904869,AASFOSS,2025-01-13T15:45:00,0,2037,ROTTERDAM MAASVLAKTE,In Ballast
9904869,AASFOSS,2025-01-12T14:14:00,1,389,WILHELMSHAVEN,In Ballast
9904869,AASFOSS,2025-01-11T15:38:00,0,389,WILHELMSHAVEN,Fully Laden
9904869,AASFOSS,2025-01-09T16:00:00,1,22028,SKIPAVIK-GULEN,Fully Laden
9904869,AASFOSS,2025-01-08T18:16:00,0,22028,SKIPAVIK-GULEN,In Ballast
9904869,AASFOSS,2025-01-07T15:34:00,1,19855,HOLLA,In Ballast
9904869,AASFOSS,2025-01-06T10:09:00,0,19855,HOLLA,Fully Laden
9904869,AASFOSS,2025-01-02T21:07:00,1,2037,ROTTERDAM MAASVLAKTE,Fully Laden
9904869,AASFOSS,2024-12-31T08:18:00,0,2037,ROTTERDAM MAASVLAKTE,In Ballast
9904869,AASFOSS,2024-12-28T17:11:00,1,21651,WATERFORD,In Ballast
9904869,AASFOSS,2024-12-28T04:16:00,0,21651,WATERFORD,Fully Laden
9904869,AASFOSS,2024-12-26T00:02:00,1,133,TERNEUZEN,Fully Laden
9904869,AASFOSS,2024-12-25T22:47:00,0,133,TERNEUZEN,Fully Laden
9904869,AASFOSS,2024-12-25T22:46:00,1,1422,SLUISKIL,Fully Laden
9904869,AASFOSS,2024-12-25T22:25:00,0,1422,SLUISKIL,Fully Laden
9904869,AASFOSS,2024-12-25T22:19:00,1,1423,SAS VAN GENT,Fully Laden
9904869,AASFOSS,2024-12-25T22:07:00,0,1423,SAS VAN GENT,Fully Laden
9904869,AASFOSS,2024-12-25T22:06:00,1,18807,ZELZATE,Fully Laden
9904869,AASFOSS,2024-12-25T21:53:00,0,18807,ZELZATE,Fully Laden
9904869,AASFOSS,2024-12-25T21:52:00,1,122,GHENT,Fully Laden
9904869,AASFOSS,2024-12-24T07:33:00,0,122,GHENT,In Ballast
9904869,AASFOSS,2024-12-24T07:32:00,1,18807,ZELZATE,In Ballast
9904869,AASFOSS,2024-12-24T07:19:00,0,18807,ZELZATE,In Ballast
9904869,AASFOSS,2024-12-24T07:18:00,1,1423,SAS VAN GENT,In Ballast
9904869,AASFOSS,2024-12-24T07:06:00,0,1423,SAS VAN GENT,In Ballast
9904869,AASFOSS,2024-12-24T07:00:00,1,1422,SLUISKIL,In Ballast
9904869,AASFOSS,2024-12-24T06:37:00,0,1422,SLUISKIL,In Ballast
9904869,AASFOSS,2024-12-24T06:36:00,1,133,TERNEUZEN,In Ballast
9904869,AASFOSS,2024-12-24T04:54:00,0,133,TERNEUZEN,In Ballast
9904869,AASFOSS,2024-12-23T13:12:00,1,1711,PURFLEET,In Ballast
9904869,AASFOSS,2024-12-22T02:53:00,0,1711,PURFLEET,Partially Laden
9904869,AASFOSS,2024-12-21T17:10:00,1,20116,DUNKIRK EAST,Partially Laden
9904869,AASFOSS,2024-12-20T23:41:00,0,20116,DUNKIRK EAST,In Ballast
9904869,AASFOSS,2024-12-20T13:58:00,1,1711,PURFLEET,In Ballast
9904869,AASFOSS,2024-12-19T11:52:00,0,1711,PURFLEET,Partially Laden
9904869,AASFOSS,2024-12-19T10:38:00,1,1702,THAMES,Partially Laden
9904869,AASFOSS,2024-12-19T10:21:00,0,1702,THAMES,Partially Laden
9904869,AASFOSS,2024-12-18T13:01:00,1,133,TERNEUZEN,Partially Laden
9904869,AASFOSS,2024-12-18T11:10:00,0,133,TERNEUZEN,Partially Laden
9904869,AASFOSS,2024-12-18T11:09:00,1,1422,SLUISKIL,Partially Laden
9904869,AASFOSS,2024-12-18T10:46:00,0,1422,SLUISKIL,Partially Laden
9904869,AASFOSS,2024-12-18T10:40:00,1,1423,SAS VAN GENT,Partially Laden
9904869,AASFOSS,2024-12-18T10:26:00,0,1423,SAS VAN GENT,Partially Laden
9904869,AASFOSS,2024-12-18T10:25:00,1,18807,ZELZATE,Partially Laden
9904869,AASFOSS,2024-12-18T10:08:00,0,18807,ZELZATE,Partially Laden
9904869,AASFOSS,2024-12-18T10:07:00,1,122,GHENT,Partially Laden
9904869,AASFOSS,2024-12-17T08:11:00,0,122,GHENT,In Ballast
9904869,AASFOSS,2024-12-17T08:10:00,1,18807,ZELZATE,In Ballast
9904869,AASFOSS,2024-12-17T07:57:00,0,18807,ZELZATE,In Ballast
9904869,AASFOSS,2024-12-17T07:56:00,1,1423,SAS VAN GENT,In Ballast
9904869,AASFOSS,2024-12-17T07:43:00,0,1423,SAS VAN GENT,In Ballast
9904869,AASFOSS,2024-12-17T07:38:00,1,1422,SLUISKIL,In Ballast
9904869,AASFOSS,2024-12-17T07:19:00,0,1422,SLUISKIL,In Ballast
9904869,AASFOSS,2024-12-17T07:18:00,1,133,TERNEUZEN,In Ballast
9904869,AASFOSS,2024-12-17T05:28:00,0,133,TERNEUZEN,In Ballast
9904869,AASFOSS,2024-12-16T16:31:00,1,195,IPSWICH,In Ballast
9904869,AASFOSS,2024-12-15T22:33:00,0,195,IPSWICH,Fully Laden
9904869,AASFOSS,2024-12-15T19:04:00,1,25400,SOUTHWOLD ANCH,Fully Laden
9904869,AASFOSS,2024-12-15T15:46:00,0,25400,SOUTHWOLD ANCH,Fully Laden
9904869,AASFOSS,2024-12-13T05:36:00,1,20506,EIKEFET,Fully Laden
9904869,AASFOSS,2024-12-12T14:33:00,0,20506,EIKEFET,In Ballast
9904869,AASFOSS,2024-12-11T12:57:00,1,19855,HOLLA,In Ballast
9904869,AASFOSS,2024-12-10T12:53:00,0,19855,HOLLA,Fully Laden
9904869,AASFOSS,2024-12-04T07:58:00,1,17444,BORDEAUX,Fully Laden
9904869,AASFOSS,2024-12-02T15:19:00,0,17444,BORDEAUX,In Ballast
9904869,AASFOSS,2024-11-29T17:34:00,1,195,IPSWICH,In Ballast
9904869,AASFOSS,2024-11-28T09:49:00,0,195,IPSWICH,Fully Laden
9904869,AASFOSS,2024-11-27T21:08:00,1,21773,HOEK VAN HOLLAND,Fully Laden
9904869,AASFOSS,2024-11-27T20:58:00,0,21773,HOEK VAN HOLLAND,Fully Laden
9904869,AASFOSS,2024-11-27T20:22:00,1,2033,ROTTERDAM BOTLEK,Fully Laden
9904869,AASFOSS,2024-11-27T19:59:00,0,2033,ROTTERDAM BOTLEK,Fully Laden
9904869,AASFOSS,2024-11-27T18:41:00,1,1826,DORDRECHT,Fully Laden
9904869,AASFOSS,2024-11-27T03:01:00,0,1826,DORDRECHT,In Ballast
9904869,AASFOSS,2024-11-26T11:31:00,1,195,IPSWICH,In Ballast
9904869,AASFOSS,2024-11-25T19:02:00,0,195,IPSWICH,Fully Laden
9904869,AASFOSS,2024-11-25T15:03:00,1,25400,SOUTHWOLD ANCH,Fully Laden
9904869,AASFOSS,2024-11-25T11:49:00,0,25400,SOUTHWOLD ANCH,Fully Laden
9904869,AASFOSS,2024-11-22T17:47:00,1,144,BERGEN,Fully Laden
